date,equipment_id,equipment_type,project,operating_hours,downtime_hours,fuel_consumption_l,maintenance_flag
2026-06-01,EQ-001,Excavator,Dammam Port Rd,8.77,0.0,158.58,0
2026-06-02,EQ-001,Excavator,Dammam Port Rd,8.79,0.0,142.05,0
2026-06-03,EQ-001,Excavator,Dammam Port Rd,8.01,0.0,137.7,0
2026-06-04,EQ-001,Excavator,Dammam Port Rd,8.01,0.0,135.38,0
2026-06-05,EQ-001,Excavator,Dammam Port Rd,1.41,0.0,24.8,0
2026-06-06,EQ-001,Excavator,Dammam Port Rd,8.41,0.0,158.83,0
2026-06-07,EQ-001,Excavator,Dammam Port Rd,7.7,1.37,146.93,0
2026-06-08,EQ-001,Excavator,Dammam Port Rd,7.88,0.0,130.66,0
2026-06-09,EQ-001,Excavator,Dammam Port Rd,7.0,0.0,127.3,0
2026-06-10,EQ-001,Excavator,Dammam Port Rd,8.77,0.0,159.59,0
2026-06-11,EQ-001,Excavator,Dammam Port Rd,8.63,0.0,160.38,0
2026-06-12,EQ-001,Excavator,Dammam Port Rd,0.39,0.68,6.45,0
2026-06-13,EQ-001,Excavator,Dammam Port Rd,8.36,0.0,150.57,0
2026-06-14,EQ-001,Excavator,Dammam Port Rd,8.29,0.0,156.17,0
2026-06-15,EQ-001,Excavator,Dammam Port Rd,7.6,0.0,136.03,0
2026-06-16,EQ-001,Excavator,Dammam Port Rd,5.83,0.0,95.19,0
2026-06-17,EQ-001,Excavator,Dammam Port Rd,6.52,0.0,109.99,0
2026-06-18,EQ-001,Excavator,Dammam Port Rd,7.13,0.0,125.21,0
2026-06-19,EQ-001,Excavator,Dammam Port Rd,1.24,0.0,21.98,0
2026-06-20,EQ-001,Excavator,Dammam Port Rd,6.43,0.0,122.5,0
2026-06-21,EQ-001,Excavator,Dammam Port Rd,5.57,0.0,101.93,0
2026-06-22,EQ-001,Excavator,Dammam Port Rd,6.7,0.0,121.15,0
2026-06-23,EQ-001,Excavator,Dammam Port Rd,6.71,0.0,120.99,0
2026-06-24,EQ-001,Excavator,Dammam Port Rd,8.82,0.0,147.45,0
2026-06-25,EQ-001,Excavator,Dammam Port Rd,5.83,1.49,111.13,0
2026-06-26,EQ-001,Excavator,Dammam Port Rd,1.12,0.0,18.42,0
2026-06-27,EQ-001,Excavator,Dammam Port Rd,6.39,0.0,111.92,0
2026-06-28,EQ-001,Excavator,Dammam Port Rd,5.62,0.0,99.5,0
2026-06-29,EQ-001,Excavator,Dammam Port Rd,5.48,0.0,100.76,0
2026-06-30,EQ-001,Excavator,Dammam Port Rd,7.67,0.0,166.18,0
2026-07-01,EQ-001,Excavator,Dammam Port Rd,7.2,0.0,110.22,0
2026-07-02,EQ-001,Excavator,Dammam Port Rd,7.0,0.0,122.3,0
2026-07-03,EQ-001,Excavator,Dammam Port Rd,0.0,2.15,0.0,0
2026-07-04,EQ-001,Excavator,Dammam Port Rd,6.48,0.0,102.99,0
2026-07-05,EQ-001,Excavator,Dammam Port Rd,6.12,0.0,112.36,0
2026-07-06,EQ-001,Excavator,Dammam Port Rd,8.14,4.75,156.66,1
2026-07-07,EQ-001,Excavator,Dammam Port Rd,3.77,1.61,77.96,0
2026-07-08,EQ-001,Excavator,Dammam Port Rd,5.66,0.0,95.45,0
2026-07-09,EQ-001,Excavator,Dammam Port Rd,7.18,0.0,127.85,0
2026-07-10,EQ-001,Excavator,Dammam Port Rd,0.94,0.0,17.41,0
2026-07-11,EQ-001,Excavator,Dammam Port Rd,5.83,0.0,95.6,0
2026-07-12,EQ-001,Excavator,Dammam Port Rd,6.33,0.0,115.16,0
2026-07-13,EQ-001,Excavator,Dammam Port Rd,6.02,0.0,118.22,0
2026-07-14,EQ-001,Excavator,Dammam Port Rd,6.25,0.0,121.23,0
2026-07-15,EQ-001,Excavator,Dammam Port Rd,6.37,0.0,116.14,0
2026-07-16,EQ-001,Excavator,Dammam Port Rd,4.92,0.0,98.82,0
2026-07-17,EQ-001,Excavator,Dammam Port Rd,1.1,0.0,19.25,0
2026-07-18,EQ-001,Excavator,Dammam Port Rd,7.04,0.0,139.2,0
2026-07-19,EQ-001,Excavator,Dammam Port Rd,5.05,0.0,88.39,0
2026-07-20,EQ-001,Excavator,Dammam Port Rd,5.72,0.0,105.38,0
2026-07-21,EQ-001,Excavator,Dammam Port Rd,6.79,0.0,127.78,0
2026-07-22,EQ-001,Excavator,Dammam Port Rd,3.99,0.0,67.52,0
2026-07-23,EQ-001,Excavator,Dammam Port Rd,4.6,0.0,80.82,0
2026-07-24,EQ-001,Excavator,Dammam Port Rd,0.93,0.0,16.8,0
2026-07-25,EQ-001,Excavator,Dammam Port Rd,5.07,0.0,97.63,0
2026-07-26,EQ-001,Excavator,Dammam Port Rd,5.79,0.0,103.13,0
2026-07-27,EQ-001,Excavator,Dammam Port Rd,3.19,1.61,58.18,0
2026-07-28,EQ-001,Excavator,Dammam Port Rd,4.46,0.0,81.62,0
2026-07-29,EQ-001,Excavator,Dammam Port Rd,7.07,0.0,119.59,0
2026-07-30,EQ-001,Excavator,Dammam Port Rd,4.95,0.0,85.37,0
2026-07-31,EQ-001,Excavator,Dammam Port Rd,0.8,0.0,13.65,0
2026-08-01,EQ-001,Excavator,Dammam Port Rd,4.58,0.0,81.46,0
2026-08-02,EQ-001,Excavator,Dammam Port Rd,4.24,0.0,88.11,0
2026-08-03,EQ-001,Excavator,Dammam Port Rd,4.56,0.0,88.57,0
2026-08-04,EQ-001,Excavator,Dammam Port Rd,4.81,0.0,77.66,0
2026-08-05,EQ-001,Excavator,Dammam Port Rd,6.26,0.0,104.1,0
2026-08-06,EQ-001,Excavator,Dammam Port Rd,5.99,0.0,99.05,0
2026-08-07,EQ-001,Excavator,Dammam Port Rd,0.67,0.0,13.5,0
2026-08-08,EQ-001,Excavator,Dammam Port Rd,4.0,0.0,75.9,0
2026-08-09,EQ-001,Excavator,Dammam Port Rd,4.87,0.0,86.87,0
2026-08-10,EQ-001,Excavator,Dammam Port Rd,3.04,0.61,55.66,0
2026-08-11,EQ-001,Excavator,Dammam Port Rd,4.13,0.0,79.53,0
2026-08-12,EQ-001,Excavator,Dammam Port Rd,4.52,0.0,81.61,0
2026-08-13,EQ-001,Excavator,Dammam Port Rd,4.36,0.0,80.28,0
2026-08-14,EQ-001,Excavator,Dammam Port Rd,0.64,0.0,12.73,0
2026-08-15,EQ-001,Excavator,Dammam Port Rd,3.23,1.25,59.28,0
2026-08-16,EQ-001,Excavator,Dammam Port Rd,3.53,0.0,64.8,0
2026-08-17,EQ-001,Excavator,Dammam Port Rd,4.42,0.0,84.67,0
2026-08-18,EQ-001,Excavator,Dammam Port Rd,4.34,0.0,75.57,0
2026-08-19,EQ-001,Excavator,Dammam Port Rd,4.17,0.0,73.58,0
2026-08-20,EQ-001,Excavator,Dammam Port Rd,3.91,0.0,71.11,0
2026-08-21,EQ-001,Excavator,Dammam Port Rd,0.71,0.0,12.54,0
2026-08-22,EQ-001,Excavator,Dammam Port Rd,3.95,0.0,69.24,0
2026-08-23,EQ-001,Excavator,Dammam Port Rd,2.86,0.0,57.61,0
2026-08-24,EQ-001,Excavator,Dammam Port Rd,2.93,0.0,51.53,0
2026-08-25,EQ-001,Excavator,Dammam Port Rd,3.65,0.0,64.19,0
2026-08-26,EQ-001,Excavator,Dammam Port Rd,4.29,0.0,86.63,0
2026-08-27,EQ-001,Excavator,Dammam Port Rd,4.16,0.0,84.09,0
2026-08-28,EQ-001,Excavator,Dammam Port Rd,0.56,0.0,9.86,0
2026-08-29,EQ-001,Excavator,Dammam Port Rd,3.49,0.0,67.16,0
2026-06-01,EQ-002,Dump Truck,NEOM Site A,7.59,0.0,164.67,0
2026-06-02,EQ-002,Dump Truck,NEOM Site A,10.41,0.0,258.1,0
2026-06-03,EQ-002,Dump Truck,NEOM Site A,9.88,0.0,216.27,0
2026-06-04,EQ-002,Dump Truck,NEOM Site A,7.59,0.0,184.73,0
2026-06-05,EQ-002,Dump Truck,NEOM Site A,1.46,0.0,29.94,0
2026-06-06,EQ-002,Dump Truck,NEOM Site A,9.04,0.0,189.52,0
2026-06-07,EQ-002,Dump Truck,NEOM Site A,9.37,0.0,215.03,0
2026-06-08,EQ-002,Dump Truck,NEOM Site A,6.25,0.0,138.2,0
2026-06-09,EQ-002,Dump Truck,NEOM Site A,9.5,0.0,178.75,0
2026-06-10,EQ-002,Dump Truck,NEOM Site A,8.29,0.0,162.2,0
2026-06-11,EQ-002,Dump Truck,NEOM Site A,10.77,0.0,251.01,0
2026-06-12,EQ-002,Dump Truck,NEOM Site A,1.25,0.0,29.49,0
2026-06-13,EQ-002,Dump Truck,NEOM Site A,9.28,0.0,208.01,0
2026-06-14,EQ-002,Dump Truck,NEOM Site A,7.96,0.0,173.34,0
2026-06-15,EQ-002,Dump Truck,NEOM Site A,9.46,0.0,192.7,0
2026-06-16,EQ-002,Dump Truck,NEOM Site A,8.85,0.0,184.57,0
2026-06-17,EQ-002,Dump Truck,NEOM Site A,8.01,0.0,186.71,0
2026-06-18,EQ-002,Dump Truck,NEOM Site A,9.01,0.0,210.19,0
2026-06-19,EQ-002,Dump Truck,NEOM Site A,1.5,0.0,38.42,0
2026-06-20,EQ-002,Dump Truck,NEOM Site A,8.75,0.0,214.21,0
2026-06-21,EQ-002,Dump Truck,NEOM Site A,7.04,1.41,137.55,0
2026-06-22,EQ-002,Dump Truck,NEOM Site A,7.5,0.0,155.79,0
2026-06-23,EQ-002,Dump Truck,NEOM Site A,9.53,0.0,213.66,0
2026-06-24,EQ-002,Dump Truck,NEOM Site A,7.3,0.0,161.31,0
2026-06-25,EQ-002,Dump Truck,NEOM Site A,8.43,0.0,194.66,0
2026-06-26,EQ-002,Dump Truck,NEOM Site A,1.37,0.0,30.73,0
2026-06-27,EQ-002,Dump Truck,NEOM Site A,9.64,0.0,209.33,0
2026-06-28,EQ-002,Dump Truck,NEOM Site A,9.24,0.0,197.59,0
2026-06-29,EQ-002,Dump Truck,NEOM Site A,9.11,0.51,212.16,0
2026-06-30,EQ-002,Dump Truck,NEOM Site A,6.61,0.0,130.3,0
2026-07-01,EQ-002,Dump Truck,NEOM Site A,4.1,6.42,88.35,1
2026-07-02,EQ-002,Dump Truck,NEOM Site A,10.31,0.0,225.66,0
2026-07-03,EQ-002,Dump Truck,NEOM Site A,1.59,0.0,33.01,0
2026-07-04,EQ-002,Dump Truck,NEOM Site A,8.29,0.0,170.97,0
2026-07-05,EQ-002,Dump Truck,NEOM Site A,8.57,0.0,211.26,0
2026-07-06,EQ-002,Dump Truck,NEOM Site A,5.61,1.73,127.49,0
2026-07-07,EQ-002,Dump Truck,NEOM Site A,8.84,0.0,207.18,0
2026-07-08,EQ-002,Dump Truck,NEOM Site A,8.27,0.0,168.4,0
2026-07-09,EQ-002,Dump Truck,NEOM Site A,8.21,0.0,178.33,0
2026-07-10,EQ-002,Dump Truck,NEOM Site A,1.41,0.0,33.87,0
2026-07-11,EQ-002,Dump Truck,NEOM Site A,8.59,0.0,203.07,0
2026-07-12,EQ-002,Dump Truck,NEOM Site A,8.6,0.0,194.33,0
2026-07-13,EQ-002,Dump Truck,NEOM Site A,8.84,0.0,221.11,0
2026-07-14,EQ-002,Dump Truck,NEOM Site A,11.49,0.0,255.67,0
2026-07-15,EQ-002,Dump Truck,NEOM Site A,10.29,0.0,231.69,0
2026-07-16,EQ-002,Dump Truck,NEOM Site A,8.97,0.0,185.81,0
2026-07-17,EQ-002,Dump Truck,NEOM Site A,1.06,0.0,21.57,0
2026-07-18,EQ-002,Dump Truck,NEOM Site A,8.45,0.0,211.1,0
2026-07-19,EQ-002,Dump Truck,NEOM Site A,10.33,0.0,232.73,0
2026-07-20,EQ-002,Dump Truck,NEOM Site A,8.51,0.0,189.68,0
2026-07-21,EQ-002,Dump Truck,NEOM Site A,9.74,0.0,230.31,0
2026-07-22,EQ-002,Dump Truck,NEOM Site A,7.63,0.0,198.37,0
2026-07-23,EQ-002,Dump Truck,NEOM Site A,9.27,0.0,205.2,0
2026-07-24,EQ-002,Dump Truck,NEOM Site A,1.45,0.0,31.62,0
2026-07-25,EQ-002,Dump Truck,NEOM Site A,8.06,0.0,166.85,0
2026-07-26,EQ-002,Dump Truck,NEOM Site A,9.8,0.0,221.1,0
2026-07-27,EQ-002,Dump Truck,NEOM Site A,8.66,0.0,186.33,0
2026-07-28,EQ-002,Dump Truck,NEOM Site A,10.12,0.0,217.47,0
2026-07-29,EQ-002,Dump Truck,NEOM Site A,6.61,0.0,159.33,0
2026-07-30,EQ-002,Dump Truck,NEOM Site A,10.07,0.0,198.32,0
2026-07-31,EQ-002,Dump Truck,NEOM Site A,0.82,0.0,21.0,0
2026-08-01,EQ-002,Dump Truck,NEOM Site A,9.52,0.0,216.3,0
2026-08-02,EQ-002,Dump Truck,NEOM Site A,7.13,0.0,157.88,0
2026-08-03,EQ-002,Dump Truck,NEOM Site A,8.9,0.0,200.45,0
2026-08-04,EQ-002,Dump Truck,NEOM Site A,9.8,0.0,229.2,0
2026-08-05,EQ-002,Dump Truck,NEOM Site A,10.95,0.0,226.03,0
2026-08-06,EQ-002,Dump Truck,NEOM Site A,10.6,0.0,256.19,0
2026-08-07,EQ-002,Dump Truck,NEOM Site A,1.27,0.0,28.2,0
2026-08-08,EQ-002,Dump Truck,NEOM Site A,9.31,0.0,199.63,0
2026-08-09,EQ-002,Dump Truck,NEOM Site A,7.87,2.7,178.64,1
2026-08-10,EQ-002,Dump Truck,NEOM Site A,9.76,0.0,232.09,0
2026-08-11,EQ-002,Dump Truck,NEOM Site A,6.13,0.0,118.88,0
2026-08-12,EQ-002,Dump Truck,NEOM Site A,8.01,0.0,173.98,0
2026-08-13,EQ-002,Dump Truck,NEOM Site A,8.7,0.0,194.03,0
2026-08-14,EQ-002,Dump Truck,NEOM Site A,1.17,0.0,26.9,0
2026-08-15,EQ-002,Dump Truck,NEOM Site A,9.46,0.0,212.48,0
2026-08-16,EQ-002,Dump Truck,NEOM Site A,11.44,0.0,246.31,0
2026-08-17,EQ-002,Dump Truck,NEOM Site A,8.1,0.0,162.59,0
2026-08-18,EQ-002,Dump Truck,NEOM Site A,7.93,0.0,178.62,0
2026-08-19,EQ-002,Dump Truck,NEOM Site A,9.06,0.0,211.91,0
2026-08-20,EQ-002,Dump Truck,NEOM Site A,7.53,2.35,172.07,0
2026-08-21,EQ-002,Dump Truck,NEOM Site A,1.38,0.0,30.3,0
2026-08-22,EQ-002,Dump Truck,NEOM Site A,9.31,0.0,207.64,0
2026-08-23,EQ-002,Dump Truck,NEOM Site A,7.25,0.0,173.53,0
2026-08-24,EQ-002,Dump Truck,NEOM Site A,8.7,0.0,159.06,0
2026-08-25,EQ-002,Dump Truck,NEOM Site A,7.61,0.0,154.9,0
2026-08-26,EQ-002,Dump Truck,NEOM Site A,9.86,0.0,199.0,0
2026-08-27,EQ-002,Dump Truck,NEOM Site A,8.0,0.0,195.73,0
2026-08-28,EQ-002,Dump Truck,NEOM Site A,1.13,0.0,28.03,0
2026-08-29,EQ-002,Dump Truck,NEOM Site A,4.96,2.05,105.21,0
2026-06-01,EQ-003,Excavator,Dammam Port Rd,8.79,0.0,163.93,0
2026-06-02,EQ-003,Excavator,Dammam Port Rd,7.75,0.0,133.46,0
2026-06-03,EQ-003,Excavator,Dammam Port Rd,7.63,0.0,144.73,0
2026-06-04,EQ-003,Excavator,Dammam Port Rd,8.86,0.0,165.43,0
2026-06-05,EQ-003,Excavator,Dammam Port Rd,1.06,0.0,17.18,0
2026-06-06,EQ-003,Excavator,Dammam Port Rd,8.73,0.0,143.1,0
2026-06-07,EQ-003,Excavator,Dammam Port Rd,8.01,0.97,158.89,0
2026-06-08,EQ-003,Excavator,Dammam Port Rd,6.07,1.53,104.52,0
2026-06-09,EQ-003,Excavator,Dammam Port Rd,8.58,0.0,150.02,0
2026-06-10,EQ-003,Excavator,Dammam Port Rd,9.53,0.0,142.52,0
2026-06-11,EQ-003,Excavator,Dammam Port Rd,9.74,0.0,170.3,0
2026-06-12,EQ-003,Excavator,Dammam Port Rd,0.86,0.0,15.14,0
2026-06-13,EQ-003,Excavator,Dammam Port Rd,7.61,0.0,142.54,0
2026-06-14,EQ-003,Excavator,Dammam Port Rd,8.34,0.0,157.43,0
2026-06-15,EQ-003,Excavator,Dammam Port Rd,9.94,0.0,174.69,0
2026-06-16,EQ-003,Excavator,Dammam Port Rd,7.5,0.0,118.59,0
2026-06-17,EQ-003,Excavator,Dammam Port Rd,7.77,0.0,157.94,0
2026-06-18,EQ-003,Excavator,Dammam Port Rd,7.35,0.0,122.1,0
2026-06-19,EQ-003,Excavator,Dammam Port Rd,0.0,1.41,0.0,0
2026-06-20,EQ-003,Excavator,Dammam Port Rd,8.69,0.0,137.96,0
2026-06-21,EQ-003,Excavator,Dammam Port Rd,7.35,0.0,129.1,0
2026-06-22,EQ-003,Excavator,Dammam Port Rd,7.23,0.0,115.35,0
2026-06-23,EQ-003,Excavator,Dammam Port Rd,7.75,3.77,114.41,1
2026-06-24,EQ-003,Excavator,Dammam Port Rd,7.47,0.0,122.12,0
2026-06-25,EQ-003,Excavator,Dammam Port Rd,7.98,0.0,167.65,0
2026-06-26,EQ-003,Excavator,Dammam Port Rd,1.13,0.0,20.02,0
2026-06-27,EQ-003,Excavator,Dammam Port Rd,7.84,0.0,153.42,0
2026-06-28,EQ-003,Excavator,Dammam Port Rd,6.46,0.0,112.15,0
2026-06-29,EQ-003,Excavator,Dammam Port Rd,6.49,0.0,123.26,0
2026-06-30,EQ-003,Excavator,Dammam Port Rd,8.31,0.0,145.08,0
2026-07-01,EQ-003,Excavator,Dammam Port Rd,7.1,0.0,136.35,0
2026-07-02,EQ-003,Excavator,Dammam Port Rd,4.6,0.0,78.26,0
2026-07-03,EQ-003,Excavator,Dammam Port Rd,0.0,1.41,0.0,0
2026-07-04,EQ-003,Excavator,Dammam Port Rd,6.95,0.72,124.57,0
2026-07-05,EQ-003,Excavator,Dammam Port Rd,7.55,0.0,127.19,0
2026-07-06,EQ-003,Excavator,Dammam Port Rd,7.03,0.0,132.29,0
2026-07-07,EQ-003,Excavator,Dammam Port Rd,6.45,0.0,107.65,0
2026-07-08,EQ-003,Excavator,Dammam Port Rd,6.39,0.0,105.27,0
2026-07-09,EQ-003,Excavator,Dammam Port Rd,4.95,0.0,86.84,0
2026-07-10,EQ-003,Excavator,Dammam Port Rd,0.81,0.0,15.68,0
2026-07-11,EQ-003,Excavator,Dammam Port Rd,4.23,0.0,71.16,0
2026-07-12,EQ-003,Excavator,Dammam Port Rd,7.45,0.0,141.32,0
2026-07-13,EQ-003,Excavator,Dammam Port Rd,5.13,0.0,95.33,0
2026-07-14,EQ-003,Excavator,Dammam Port Rd,5.34,0.78,97.93,0
2026-07-15,EQ-003,Excavator,Dammam Port Rd,6.14,0.0,116.78,0
2026-07-16,EQ-003,Excavator,Dammam Port Rd,4.59,0.0,88.4,0
2026-07-17,EQ-003,Excavator,Dammam Port Rd,1.03,0.0,16.16,0
2026-07-18,EQ-003,Excavator,Dammam Port Rd,5.92,0.0,119.93,0
2026-07-19,EQ-003,Excavator,Dammam Port Rd,6.2,0.0,104.64,0
2026-07-20,EQ-003,Excavator,Dammam Port Rd,5.73,0.0,95.85,0
2026-07-21,EQ-003,Excavator,Dammam Port Rd,7.31,0.0,141.96,0
2026-07-22,EQ-003,Excavator,Dammam Port Rd,4.88,0.0,91.79,0
2026-07-23,EQ-003,Excavator,Dammam Port Rd,5.9,0.0,110.93,0
2026-07-24,EQ-003,Excavator,Dammam Port Rd,0.35,0.56,5.53,0
2026-07-25,EQ-003,Excavator,Dammam Port Rd,5.5,0.0,90.2,0
2026-07-26,EQ-003,Excavator,Dammam Port Rd,6.66,0.0,131.32,0
2026-07-27,EQ-003,Excavator,Dammam Port Rd,5.52,0.0,99.42,0
2026-07-28,EQ-003,Excavator,Dammam Port Rd,5.42,0.0,100.29,0
2026-07-29,EQ-003,Excavator,Dammam Port Rd,5.26,0.0,94.3,0
2026-07-30,EQ-003,Excavator,Dammam Port Rd,5.1,0.0,97.52,0
2026-07-31,EQ-003,Excavator,Dammam Port Rd,0.77,0.0,13.83,0
2026-08-01,EQ-003,Excavator,Dammam Port Rd,4.9,0.0,87.25,0
2026-08-02,EQ-003,Excavator,Dammam Port Rd,4.46,0.0,83.18,0
2026-08-03,EQ-003,Excavator,Dammam Port Rd,5.2,0.0,92.84,0
2026-08-04,EQ-003,Excavator,Dammam Port Rd,5.56,0.0,107.24,0
2026-08-05,EQ-003,Excavator,Dammam Port Rd,4.84,0.0,80.56,0
2026-08-06,EQ-003,Excavator,Dammam Port Rd,4.99,0.0,97.94,0
2026-08-07,EQ-003,Excavator,Dammam Port Rd,0.82,0.0,13.39,0
2026-08-08,EQ-003,Excavator,Dammam Port Rd,4.44,0.0,78.74,0
2026-08-09,EQ-003,Excavator,Dammam Port Rd,4.22,0.0,73.2,0
2026-08-10,EQ-003,Excavator,Dammam Port Rd,4.13,0.0,72.27,0
2026-08-11,EQ-003,Excavator,Dammam Port Rd,4.63,2.54,76.71,1
2026-08-12,EQ-003,Excavator,Dammam Port Rd,5.32,0.0,97.84,0
2026-08-13,EQ-003,Excavator,Dammam Port Rd,3.65,0.0,57.1,0
2026-08-14,EQ-003,Excavator,Dammam Port Rd,0.65,0.0,11.58,0
2026-08-15,EQ-003,Excavator,Dammam Port Rd,4.98,0.0,92.1,0
2026-08-16,EQ-003,Excavator,Dammam Port Rd,5.12,0.0,89.67,0
2026-08-17,EQ-003,Excavator,Dammam Port Rd,3.7,0.0,65.03,0
2026-08-18,EQ-003,Excavator,Dammam Port Rd,4.9,0.0,86.17,0
2026-08-19,EQ-003,Excavator,Dammam Port Rd,5.11,0.0,103.18,0
2026-08-20,EQ-003,Excavator,Dammam Port Rd,3.91,0.0,72.26,0
2026-08-21,EQ-003,Excavator,Dammam Port Rd,0.85,0.0,14.54,0
2026-08-22,EQ-003,Excavator,Dammam Port Rd,4.38,0.0,76.15,0
2026-08-23,EQ-003,Excavator,Dammam Port Rd,4.28,0.0,78.61,0
2026-08-24,EQ-003,Excavator,Dammam Port Rd,3.75,0.0,69.46,0
2026-08-25,EQ-003,Excavator,Dammam Port Rd,2.68,0.0,44.86,0
2026-08-26,EQ-003,Excavator,Dammam Port Rd,2.89,0.0,52.29,0
2026-08-27,EQ-003,Excavator,Dammam Port Rd,3.22,0.0,52.52,0
2026-08-28,EQ-003,Excavator,Dammam Port Rd,0.5,0.0,8.91,0
2026-08-29,EQ-003,Excavator,Dammam Port Rd,3.59,0.0,67.95,0
2026-06-01,EQ-004,Excavator,NEOM Site A,8.58,0.0,133.2,0
2026-06-02,EQ-004,Excavator,NEOM Site A,8.49,0.0,151.63,0
2026-06-03,EQ-004,Excavator,NEOM Site A,8.47,0.0,162.5,0
2026-06-04,EQ-004,Excavator,NEOM Site A,7.17,0.0,119.13,0
2026-06-05,EQ-004,Excavator,NEOM Site A,1.33,0.0,23.16,0
2026-06-06,EQ-004,Excavator,NEOM Site A,5.5,0.0,93.19,0
2026-06-07,EQ-004,Excavator,NEOM Site A,7.83,0.0,141.33,0
2026-06-08,EQ-004,Excavator,NEOM Site A,8.13,0.0,139.34,0
2026-06-09,EQ-004,Excavator,NEOM Site A,7.47,0.0,119.93,0
2026-06-10,EQ-004,Excavator,NEOM Site A,8.97,0.0,159.75,0
2026-06-11,EQ-004,Excavator,NEOM Site A,10.41,0.0,214.32,0
2026-06-12,EQ-004,Excavator,NEOM Site A,1.23,0.0,22.33,0
2026-06-13,EQ-004,Excavator,NEOM Site A,7.21,0.0,133.36,0
2026-06-14,EQ-004,Excavator,NEOM Site A,9.17,0.0,176.41,0
2026-06-15,EQ-004,Excavator,NEOM Site A,9.89,0.0,166.0,0
2026-06-16,EQ-004,Excavator,NEOM Site A,9.14,0.0,142.79,0
2026-06-17,EQ-004,Excavator,NEOM Site A,8.12,0.0,147.35,0
2026-06-18,EQ-004,Excavator,NEOM Site A,7.81,0.0,159.19,0
2026-06-19,EQ-004,Excavator,NEOM Site A,1.24,0.0,22.04,0
2026-06-20,EQ-004,Excavator,NEOM Site A,8.59,0.0,159.49,0
2026-06-21,EQ-004,Excavator,NEOM Site A,9.9,3.66,182.03,1
2026-06-22,EQ-004,Excavator,NEOM Site A,7.12,0.0,136.58,0
2026-06-23,EQ-004,Excavator,NEOM Site A,9.54,0.0,182.36,0
2026-06-24,EQ-004,Excavator,NEOM Site A,9.09,0.0,166.91,0
2026-06-25,EQ-004,Excavator,NEOM Site A,8.07,0.0,115.51,0
2026-06-26,EQ-004,Excavator,NEOM Site A,1.34,0.0,21.27,0
2026-06-27,EQ-004,Excavator,NEOM Site A,9.04,0.0,149.51,0
2026-06-28,EQ-004,Excavator,NEOM Site A,7.65,0.0,132.96,0
2026-06-29,EQ-004,Excavator,NEOM Site A,11.19,0.0,207.2,0
2026-06-30,EQ-004,Excavator,NEOM Site A,10.44,0.0,174.74,0
2026-07-01,EQ-004,Excavator,NEOM Site A,5.88,2.49,103.97,0
2026-07-02,EQ-004,Excavator,NEOM Site A,7.61,0.0,137.3,0
2026-07-03,EQ-004,Excavator,NEOM Site A,1.22,0.0,22.38,0
2026-07-04,EQ-004,Excavator,NEOM Site A,9.24,0.0,154.2,0
2026-07-05,EQ-004,Excavator,NEOM Site A,9.83,0.0,159.32,0
2026-07-06,EQ-004,Excavator,NEOM Site A,9.03,0.0,145.17,0
2026-07-07,EQ-004,Excavator,NEOM Site A,8.78,0.0,162.1,0
2026-07-08,EQ-004,Excavator,NEOM Site A,9.26,0.0,170.51,0
2026-07-09,EQ-004,Excavator,NEOM Site A,8.14,0.0,155.39,0
2026-07-10,EQ-004,Excavator,NEOM Site A,1.54,0.0,30.3,0
2026-07-11,EQ-004,Excavator,NEOM Site A,8.37,0.0,158.72,0
2026-07-12,EQ-004,Excavator,NEOM Site A,8.65,0.0,164.59,0
2026-07-13,EQ-004,Excavator,NEOM Site A,8.43,0.0,147.32,0
2026-07-14,EQ-004,Excavator,NEOM Site A,9.26,0.0,170.66,0
2026-07-15,EQ-004,Excavator,NEOM Site A,9.3,0.0,176.34,0
2026-07-16,EQ-004,Excavator,NEOM Site A,8.95,0.0,177.46,0
2026-07-17,EQ-004,Excavator,NEOM Site A,1.18,0.0,19.77,0
2026-07-18,EQ-004,Excavator,NEOM Site A,7.27,0.0,128.44,0
2026-07-19,EQ-004,Excavator,NEOM Site A,8.1,0.0,149.19,0
2026-07-20,EQ-004,Excavator,NEOM Site A,8.88,0.0,166.72,0
2026-07-21,EQ-004,Excavator,NEOM Site A,5.97,0.0,91.07,0
2026-07-22,EQ-004,Excavator,NEOM Site A,8.54,0.0,165.03,0
2026-07-23,EQ-004,Excavator,NEOM Site A,9.93,0.0,172.4,0
2026-07-24,EQ-004,Excavator,NEOM Site A,1.36,0.0,24.52,0
2026-07-25,EQ-004,Excavator,NEOM Site A,9.68,4.56,184.13,1
2026-07-26,EQ-004,Excavator,NEOM Site A,7.35,0.0,138.85,0
2026-07-27,EQ-004,Excavator,NEOM Site A,8.62,0.0,145.87,0
2026-07-28,EQ-004,Excavator,NEOM Site A,7.85,0.0,131.93,0
2026-07-29,EQ-004,Excavator,NEOM Site A,9.03,0.0,160.13,0
2026-07-30,EQ-004,Excavator,NEOM Site A,8.63,0.0,140.39,0
2026-07-31,EQ-004,Excavator,NEOM Site A,1.54,0.0,28.52,0
2026-08-01,EQ-004,Excavator,NEOM Site A,8.64,0.0,153.88,0
2026-08-02,EQ-004,Excavator,NEOM Site A,10.24,0.0,199.02,0
2026-08-03,EQ-004,Excavator,NEOM Site A,6.55,1.17,121.74,0
2026-08-04,EQ-004,Excavator,NEOM Site A,10.23,0.0,181.68,0
2026-08-05,EQ-004,Excavator,NEOM Site A,7.16,0.0,114.55,0
2026-08-06,EQ-004,Excavator,NEOM Site A,7.4,0.0,145.59,0
2026-08-07,EQ-004,Excavator,NEOM Site A,1.78,0.0,35.27,0
2026-08-08,EQ-004,Excavator,NEOM Site A,8.79,0.0,163.06,0
2026-08-09,EQ-004,Excavator,NEOM Site A,8.57,0.0,149.93,0
2026-08-10,EQ-004,Excavator,NEOM Site A,6.82,0.0,128.42,0
2026-08-11,EQ-004,Excavator,NEOM Site A,8.17,0.0,147.11,0
2026-08-12,EQ-004,Excavator,NEOM Site A,9.45,0.0,162.36,0
2026-08-13,EQ-004,Excavator,NEOM Site A,9.97,0.0,185.7,0
2026-08-14,EQ-004,Excavator,NEOM Site A,1.45,0.0,28.17,0
2026-08-15,EQ-004,Excavator,NEOM Site A,7.39,1.84,122.84,0
2026-08-16,EQ-004,Excavator,NEOM Site A,9.34,0.0,158.78,0
2026-08-17,EQ-004,Excavator,NEOM Site A,10.06,0.0,200.02,0
2026-08-18,EQ-004,Excavator,NEOM Site A,8.17,0.0,144.66,0
2026-08-19,EQ-004,Excavator,NEOM Site A,8.62,0.0,167.52,0
2026-08-20,EQ-004,Excavator,NEOM Site A,8.07,0.0,135.15,0
2026-08-21,EQ-004,Excavator,NEOM Site A,0.0,1.37,0.0,0
2026-08-22,EQ-004,Excavator,NEOM Site A,8.28,0.0,167.5,0
2026-08-23,EQ-004,Excavator,NEOM Site A,8.38,0.0,128.72,0
2026-08-24,EQ-004,Excavator,NEOM Site A,7.43,0.0,127.27,0
2026-08-25,EQ-004,Excavator,NEOM Site A,10.16,0.0,199.34,0
2026-08-26,EQ-004,Excavator,NEOM Site A,8.57,0.0,153.37,0
2026-08-27,EQ-004,Excavator,NEOM Site A,8.5,2.66,128.23,1
2026-08-28,EQ-004,Excavator,NEOM Site A,1.18,0.0,22.21,0
2026-08-29,EQ-004,Excavator,NEOM Site A,9.07,0.0,174.86,0
2026-06-01,EQ-005,Crane,Dammam Port Rd,6.72,0.0,109.59,0
2026-06-02,EQ-005,Crane,Dammam Port Rd,5.79,0.0,93.32,0
2026-06-03,EQ-005,Crane,Dammam Port Rd,6.41,0.0,85.03,0
2026-06-04,EQ-005,Crane,Dammam Port Rd,4.7,0.0,73.33,0
2026-06-05,EQ-005,Crane,Dammam Port Rd,0.9,0.0,13.47,0
2026-06-06,EQ-005,Crane,Dammam Port Rd,5.28,0.0,95.22,0
2026-06-07,EQ-005,Crane,Dammam Port Rd,4.06,1.7,56.32,0
2026-06-08,EQ-005,Crane,Dammam Port Rd,6.06,0.0,96.43,0
2026-06-09,EQ-005,Crane,Dammam Port Rd,4.34,0.0,70.09,0
2026-06-10,EQ-005,Crane,Dammam Port Rd,6.52,0.0,94.72,0
2026-06-11,EQ-005,Crane,Dammam Port Rd,7.02,0.0,117.36,0
2026-06-12,EQ-005,Crane,Dammam Port Rd,0.9,0.0,14.11,0
2026-06-13,EQ-005,Crane,Dammam Port Rd,6.38,0.0,101.13,0
2026-06-14,EQ-005,Crane,Dammam Port Rd,7.62,0.0,119.66,0
2026-06-15,EQ-005,Crane,Dammam Port Rd,6.71,0.0,122.08,0
2026-06-16,EQ-005,Crane,Dammam Port Rd,4.52,0.0,79.9,0
2026-06-17,EQ-005,Crane,Dammam Port Rd,4.67,0.0,72.21,0
2026-06-18,EQ-005,Crane,Dammam Port Rd,6.21,0.0,94.84,0
2026-06-19,EQ-005,Crane,Dammam Port Rd,0.75,0.0,11.28,0
2026-06-20,EQ-005,Crane,Dammam Port Rd,8.07,0.0,137.1,0
2026-06-21,EQ-005,Crane,Dammam Port Rd,5.12,0.0,77.9,0
2026-06-22,EQ-005,Crane,Dammam Port Rd,2.85,0.0,39.87,0
2026-06-23,EQ-005,Crane,Dammam Port Rd,3.24,0.0,56.7,0
2026-06-24,EQ-005,Crane,Dammam Port Rd,5.46,0.0,89.84,0
2026-06-25,EQ-005,Crane,Dammam Port Rd,4.95,1.3,83.18,0
2026-06-26,EQ-005,Crane,Dammam Port Rd,0.73,0.0,12.08,0
2026-06-27,EQ-005,Crane,Dammam Port Rd,4.83,0.0,70.85,0
2026-06-28,EQ-005,Crane,Dammam Port Rd,5.42,0.0,81.84,0
2026-06-29,EQ-005,Crane,Dammam Port Rd,5.31,0.0,88.68,0
2026-06-30,EQ-005,Crane,Dammam Port Rd,6.75,0.0,100.36,0
2026-07-01,EQ-005,Crane,Dammam Port Rd,6.82,0.0,117.04,0
2026-07-02,EQ-005,Crane,Dammam Port Rd,5.22,0.0,72.97,0
2026-07-03,EQ-005,Crane,Dammam Port Rd,0.74,0.0,12.69,0
2026-07-04,EQ-005,Crane,Dammam Port Rd,6.49,0.0,106.03,0
2026-07-05,EQ-005,Crane,Dammam Port Rd,4.35,0.0,73.43,0
2026-07-06,EQ-005,Crane,Dammam Port Rd,4.95,0.0,76.49,0
2026-07-07,EQ-005,Crane,Dammam Port Rd,5.85,0.0,98.84,0
2026-07-08,EQ-005,Crane,Dammam Port Rd,4.49,0.0,71.3,0
2026-07-09,EQ-005,Crane,Dammam Port Rd,4.1,0.0,68.66,0
2026-07-10,EQ-005,Crane,Dammam Port Rd,0.0,2.39,0.0,0
2026-07-11,EQ-005,Crane,Dammam Port Rd,5.09,0.0,81.65,0
2026-07-12,EQ-005,Crane,Dammam Port Rd,4.2,0.0,68.92,0
2026-07-13,EQ-005,Crane,Dammam Port Rd,4.49,0.0,60.95,0
2026-07-14,EQ-005,Crane,Dammam Port Rd,2.91,0.0,46.8,0
2026-07-15,EQ-005,Crane,Dammam Port Rd,4.81,0.0,76.77,0
2026-07-16,EQ-005,Crane,Dammam Port Rd,6.23,0.0,100.91,0
2026-07-17,EQ-005,Crane,Dammam Port Rd,0.62,0.0,8.46,0
2026-07-18,EQ-005,Crane,Dammam Port Rd,4.68,0.0,66.56,0
2026-07-19,EQ-005,Crane,Dammam Port Rd,3.88,0.0,57.89,0
2026-07-20,EQ-005,Crane,Dammam Port Rd,4.42,0.0,58.11,0
2026-07-21,EQ-005,Crane,Dammam Port Rd,4.82,0.0,75.84,0
2026-07-22,EQ-005,Crane,Dammam Port Rd,2.33,0.0,40.42,0
2026-07-23,EQ-005,Crane,Dammam Port Rd,2.07,0.0,30.37,0
2026-07-24,EQ-005,Crane,Dammam Port Rd,0.72,0.0,11.91,0
2026-07-25,EQ-005,Crane,Dammam Port Rd,4.59,0.0,72.46,0
2026-07-26,EQ-005,Crane,Dammam Port Rd,4.4,0.0,76.31,0
2026-07-27,EQ-005,Crane,Dammam Port Rd,3.5,0.0,55.94,0
2026-07-28,EQ-005,Crane,Dammam Port Rd,1.44,1.42,23.57,0
2026-07-29,EQ-005,Crane,Dammam Port Rd,2.82,0.0,47.42,0
2026-07-30,EQ-005,Crane,Dammam Port Rd,2.58,0.0,43.75,0
2026-07-31,EQ-005,Crane,Dammam Port Rd,0.61,0.0,11.11,0
2026-08-01,EQ-005,Crane,Dammam Port Rd,4.19,0.0,79.77,0
2026-08-02,EQ-005,Crane,Dammam Port Rd,3.66,0.0,60.36,0
2026-08-03,EQ-005,Crane,Dammam Port Rd,4.08,0.0,60.5,0
2026-08-04,EQ-005,Crane,Dammam Port Rd,3.4,1.91,57.96,0
2026-08-05,EQ-005,Crane,Dammam Port Rd,1.24,2.37,18.01,0
2026-08-06,EQ-005,Crane,Dammam Port Rd,3.88,0.0,64.06,0
2026-08-07,EQ-005,Crane,Dammam Port Rd,0.5,0.0,7.8,0
2026-08-08,EQ-005,Crane,Dammam Port Rd,3.39,0.0,57.66,0
2026-08-09,EQ-005,Crane,Dammam Port Rd,2.39,0.0,37.18,0
2026-08-10,EQ-005,Crane,Dammam Port Rd,3.71,0.0,64.84,0
2026-08-11,EQ-005,Crane,Dammam Port Rd,4.21,4.93,60.23,1
2026-08-12,EQ-005,Crane,Dammam Port Rd,3.63,0.0,58.02,0
2026-08-13,EQ-005,Crane,Dammam Port Rd,3.56,0.0,57.69,0
2026-08-14,EQ-005,Crane,Dammam Port Rd,0.52,0.0,9.04,0
2026-08-15,EQ-005,Crane,Dammam Port Rd,1.53,0.0,24.19,0
2026-08-16,EQ-005,Crane,Dammam Port Rd,2.17,0.0,37.74,0
2026-08-17,EQ-005,Crane,Dammam Port Rd,2.53,0.0,37.87,0
2026-08-18,EQ-005,Crane,Dammam Port Rd,2.73,0.0,42.07,0
2026-08-19,EQ-005,Crane,Dammam Port Rd,3.34,0.0,60.39,0
2026-08-20,EQ-005,Crane,Dammam Port Rd,3.37,0.0,56.11,0
2026-08-21,EQ-005,Crane,Dammam Port Rd,0.33,0.0,5.19,0
2026-08-22,EQ-005,Crane,Dammam Port Rd,1.95,0.89,32.64,0
2026-08-23,EQ-005,Crane,Dammam Port Rd,3.04,0.0,48.62,0
2026-08-24,EQ-005,Crane,Dammam Port Rd,3.13,0.0,57.91,0
2026-08-25,EQ-005,Crane,Dammam Port Rd,2.0,0.0,35.09,0
2026-08-26,EQ-005,Crane,Dammam Port Rd,2.34,0.0,40.0,0
2026-08-27,EQ-005,Crane,Dammam Port Rd,3.22,0.0,50.73,0
2026-08-28,EQ-005,Crane,Dammam Port Rd,0.39,0.0,6.81,0
2026-08-29,EQ-005,Crane,Dammam Port Rd,2.73,0.0,46.23,0
2026-06-01,EQ-006,Crane,NEOM Site A,7.61,0.0,128.04,0
2026-06-02,EQ-006,Crane,NEOM Site A,6.17,0.0,92.79,0
2026-06-03,EQ-006,Crane,NEOM Site A,4.54,0.0,72.18,0
2026-06-04,EQ-006,Crane,NEOM Site A,5.97,0.0,87.21,0
2026-06-05,EQ-006,Crane,NEOM Site A,1.18,0.0,19.3,0
2026-06-06,EQ-006,Crane,NEOM Site A,4.83,0.0,76.52,0
2026-06-07,EQ-006,Crane,NEOM Site A,6.85,0.0,121.2,0
2026-06-08,EQ-006,Crane,NEOM Site A,6.13,0.0,95.88,0
2026-06-09,EQ-006,Crane,NEOM Site A,7.11,0.0,110.64,0
2026-06-10,EQ-006,Crane,NEOM Site A,8.26,0.0,153.45,0
2026-06-11,EQ-006,Crane,NEOM Site A,6.61,0.0,108.39,0
2026-06-12,EQ-006,Crane,NEOM Site A,1.15,0.0,17.28,0
2026-06-13,EQ-006,Crane,NEOM Site A,7.05,0.0,113.14,0
2026-06-14,EQ-006,Crane,NEOM Site A,4.96,0.0,71.38,0
2026-06-15,EQ-006,Crane,NEOM Site A,4.38,0.0,75.58,0
2026-06-16,EQ-006,Crane,NEOM Site A,6.48,0.0,102.36,0
2026-06-17,EQ-006,Crane,NEOM Site A,6.3,0.0,90.59,0
2026-06-18,EQ-006,Crane,NEOM Site A,6.03,0.0,99.54,0
2026-06-19,EQ-006,Crane,NEOM Site A,1.08,0.0,17.62,0
2026-06-20,EQ-006,Crane,NEOM Site A,7.43,0.0,126.24,0
2026-06-21,EQ-006,Crane,NEOM Site A,4.85,0.0,78.61,0
2026-06-22,EQ-006,Crane,NEOM Site A,5.76,0.0,88.15,0
2026-06-23,EQ-006,Crane,NEOM Site A,3.75,1.46,61.38,0
2026-06-24,EQ-006,Crane,NEOM Site A,5.12,0.0,75.14,0
2026-06-25,EQ-006,Crane,NEOM Site A,5.82,0.0,101.77,0
2026-06-26,EQ-006,Crane,NEOM Site A,1.03,0.0,17.13,0
2026-06-27,EQ-006,Crane,NEOM Site A,3.97,0.0,72.43,0
2026-06-28,EQ-006,Crane,NEOM Site A,6.66,0.0,110.63,0
2026-06-29,EQ-006,Crane,NEOM Site A,7.57,0.0,106.92,0
2026-06-30,EQ-006,Crane,NEOM Site A,6.75,0.0,117.96,0
2026-07-01,EQ-006,Crane,NEOM Site A,6.12,0.0,89.25,0
2026-07-02,EQ-006,Crane,NEOM Site A,3.2,0.0,50.53,0
2026-07-03,EQ-006,Crane,NEOM Site A,0.9,0.0,15.58,0
2026-07-04,EQ-006,Crane,NEOM Site A,6.3,0.0,105.08,0
2026-07-05,EQ-006,Crane,NEOM Site A,7.17,0.0,122.54,0
2026-07-06,EQ-006,Crane,NEOM Site A,5.1,0.0,76.15,0
2026-07-07,EQ-006,Crane,NEOM Site A,7.4,0.0,110.68,0
2026-07-08,EQ-006,Crane,NEOM Site A,8.32,0.0,140.94,0
2026-07-09,EQ-006,Crane,NEOM Site A,6.78,0.0,118.91,0
2026-07-10,EQ-006,Crane,NEOM Site A,0.93,0.0,14.08,0
2026-07-11,EQ-006,Crane,NEOM Site A,7.16,2.17,102.01,1
2026-07-12,EQ-006,Crane,NEOM Site A,5.8,0.0,83.89,0
2026-07-13,EQ-006,Crane,NEOM Site A,5.75,0.0,96.9,0
2026-07-14,EQ-006,Crane,NEOM Site A,7.47,0.0,116.25,0
2026-07-15,EQ-006,Crane,NEOM Site A,6.67,0.0,98.12,0
2026-07-16,EQ-006,Crane,NEOM Site A,5.37,0.0,78.95,0
2026-07-17,EQ-006,Crane,NEOM Site A,1.0,0.0,14.28,0
2026-07-18,EQ-006,Crane,NEOM Site A,6.53,0.0,106.98,0
2026-07-19,EQ-006,Crane,NEOM Site A,6.48,0.0,94.58,0
2026-07-20,EQ-006,Crane,NEOM Site A,6.54,0.0,88.36,0
2026-07-21,EQ-006,Crane,NEOM Site A,6.91,0.0,109.45,0
2026-07-22,EQ-006,Crane,NEOM Site A,7.16,0.0,113.61,0
2026-07-23,EQ-006,Crane,NEOM Site A,4.55,0.0,77.69,0
2026-07-24,EQ-006,Crane,NEOM Site A,0.8,0.0,11.52,0
2026-07-25,EQ-006,Crane,NEOM Site A,4.81,0.0,73.0,0
2026-07-26,EQ-006,Crane,NEOM Site A,6.95,0.0,113.76,0
2026-07-27,EQ-006,Crane,NEOM Site A,6.79,0.0,100.47,0
2026-07-28,EQ-006,Crane,NEOM Site A,6.43,0.0,112.06,0
2026-07-29,EQ-006,Crane,NEOM Site A,4.79,0.0,83.99,0
2026-07-30,EQ-006,Crane,NEOM Site A,7.11,0.0,112.02,0
2026-07-31,EQ-006,Crane,NEOM Site A,0.91,0.0,14.24,0
2026-08-01,EQ-006,Crane,NEOM Site A,6.45,0.0,98.28,0
2026-08-02,EQ-006,Crane,NEOM Site A,7.14,0.0,100.01,0
2026-08-03,EQ-006,Crane,NEOM Site A,6.06,0.82,97.36,0
2026-08-04,EQ-006,Crane,NEOM Site A,7.41,0.0,120.23,0
2026-08-05,EQ-006,Crane,NEOM Site A,7.86,0.0,139.73,0
2026-08-06,EQ-006,Crane,NEOM Site A,6.95,0.0,101.71,0
2026-08-07,EQ-006,Crane,NEOM Site A,0.83,0.0,13.19,0
2026-08-08,EQ-006,Crane,NEOM Site A,6.84,0.0,95.91,0
2026-08-09,EQ-006,Crane,NEOM Site A,7.67,0.0,120.95,0
2026-08-10,EQ-006,Crane,NEOM Site A,4.73,0.0,62.95,0
2026-08-11,EQ-006,Crane,NEOM Site A,7.28,0.0,116.88,0
2026-08-12,EQ-006,Crane,NEOM Site A,6.36,0.0,100.44,0
2026-08-13,EQ-006,Crane,NEOM Site A,5.67,0.0,98.75,0
2026-08-14,EQ-006,Crane,NEOM Site A,1.07,0.0,16.86,0
2026-08-15,EQ-006,Crane,NEOM Site A,4.62,0.0,64.81,0
2026-08-16,EQ-006,Crane,NEOM Site A,7.4,0.0,138.22,0
2026-08-17,EQ-006,Crane,NEOM Site A,5.18,0.0,93.31,0
2026-08-18,EQ-006,Crane,NEOM Site A,7.93,0.0,128.86,0
2026-08-19,EQ-006,Crane,NEOM Site A,6.5,0.0,98.95,0
2026-08-20,EQ-006,Crane,NEOM Site A,6.39,0.0,103.25,0
2026-08-21,EQ-006,Crane,NEOM Site A,1.06,0.0,14.99,0
2026-08-22,EQ-006,Crane,NEOM Site A,7.69,0.0,116.73,0
2026-08-23,EQ-006,Crane,NEOM Site A,6.16,0.0,91.53,0
2026-08-24,EQ-006,Crane,NEOM Site A,5.85,0.0,89.48,0
2026-08-25,EQ-006,Crane,NEOM Site A,7.27,0.0,118.31,0
2026-08-26,EQ-006,Crane,NEOM Site A,6.33,0.0,97.49,0
2026-08-27,EQ-006,Crane,NEOM Site A,4.61,0.0,71.06,0
2026-08-28,EQ-006,Crane,NEOM Site A,0.75,0.0,11.61,0
2026-08-29,EQ-006,Crane,NEOM Site A,9.35,0.0,151.72,0
2026-06-01,EQ-007,Grader,NEOM Site A,6.41,0.0,80.47,0
2026-06-02,EQ-007,Grader,NEOM Site A,7.28,0.0,105.79,0
2026-06-03,EQ-007,Grader,NEOM Site A,7.31,0.0,108.42,0
2026-06-04,EQ-007,Grader,NEOM Site A,6.3,0.0,98.78,0
2026-06-05,EQ-007,Grader,NEOM Site A,1.03,0.0,15.58,0
2026-06-06,EQ-007,Grader,NEOM Site A,6.3,0.0,98.5,0
2026-06-07,EQ-007,Grader,NEOM Site A,5.39,0.0,72.99,0
2026-06-08,EQ-007,Grader,NEOM Site A,6.2,0.0,100.42,0
2026-06-09,EQ-007,Grader,NEOM Site A,7.12,0.0,102.8,0
2026-06-10,EQ-007,Grader,NEOM Site A,7.09,0.0,105.64,0
2026-06-11,EQ-007,Grader,NEOM Site A,6.96,0.0,93.9,0
2026-06-12,EQ-007,Grader,NEOM Site A,0.96,0.0,12.98,0
2026-06-13,EQ-007,Grader,NEOM Site A,6.77,0.0,102.38,0
2026-06-14,EQ-007,Grader,NEOM Site A,6.53,0.0,101.48,0
2026-06-15,EQ-007,Grader,NEOM Site A,5.43,0.0,76.97,0
2026-06-16,EQ-007,Grader,NEOM Site A,6.31,0.0,91.36,0
2026-06-17,EQ-007,Grader,NEOM Site A,8.07,0.0,115.83,0
2026-06-18,EQ-007,Grader,NEOM Site A,6.21,0.0,100.36,0
2026-06-19,EQ-007,Grader,NEOM Site A,1.16,0.0,20.22,0
2026-06-20,EQ-007,Grader,NEOM Site A,5.76,0.0,79.33,0
2026-06-21,EQ-007,Grader,NEOM Site A,6.07,0.0,84.27,0
2026-06-22,EQ-007,Grader,NEOM Site A,5.74,0.0,78.74,0
2026-06-23,EQ-007,Grader,NEOM Site A,8.01,0.0,143.79,0
2026-06-24,EQ-007,Grader,NEOM Site A,6.46,0.0,88.09,0
2026-06-25,EQ-007,Grader,NEOM Site A,9.05,0.0,138.53,0
2026-06-26,EQ-007,Grader,NEOM Site A,0.81,0.0,11.16,0
2026-06-27,EQ-007,Grader,NEOM Site A,7.22,1.53,89.87,0
2026-06-28,EQ-007,Grader,NEOM Site A,5.82,0.0,94.71,0
2026-06-29,EQ-007,Grader,NEOM Site A,8.33,0.0,127.6,0
2026-06-30,EQ-007,Grader,NEOM Site A,8.22,0.0,123.21,0
2026-07-01,EQ-007,Grader,NEOM Site A,7.33,0.0,95.68,0
2026-07-02,EQ-007,Grader,NEOM Site A,6.61,0.0,98.11,0
2026-07-03,EQ-007,Grader,NEOM Site A,0.95,0.0,14.19,0
2026-07-04,EQ-007,Grader,NEOM Site A,7.53,0.0,109.72,0
2026-07-05,EQ-007,Grader,NEOM Site A,7.11,0.0,110.22,0
2026-07-06,EQ-007,Grader,NEOM Site A,7.0,5.0,112.05,1
2026-07-07,EQ-007,Grader,NEOM Site A,4.63,0.0,69.44,0
2026-07-08,EQ-007,Grader,NEOM Site A,7.2,0.0,113.09,0
2026-07-09,EQ-007,Grader,NEOM Site A,8.12,0.0,119.56,0
2026-07-10,EQ-007,Grader,NEOM Site A,0.67,0.0,10.92,0
2026-07-11,EQ-007,Grader,NEOM Site A,7.77,0.0,122.1,0
2026-07-12,EQ-007,Grader,NEOM Site A,8.03,0.0,113.1,0
2026-07-13,EQ-007,Grader,NEOM Site A,6.73,0.0,101.33,0
2026-07-14,EQ-007,Grader,NEOM Site A,5.66,0.0,88.33,0
2026-07-15,EQ-007,Grader,NEOM Site A,7.11,0.0,104.65,0
2026-07-16,EQ-007,Grader,NEOM Site A,8.77,0.0,126.2,0
2026-07-17,EQ-007,Grader,NEOM Site A,1.05,0.0,14.13,0
2026-07-18,EQ-007,Grader,NEOM Site A,5.43,0.0,81.6,0
2026-07-19,EQ-007,Grader,NEOM Site A,4.53,1.13,64.83,0
2026-07-20,EQ-007,Grader,NEOM Site A,7.28,0.0,114.3,0
2026-07-21,EQ-007,Grader,NEOM Site A,7.57,0.0,112.21,0
2026-07-22,EQ-007,Grader,NEOM Site A,8.25,0.0,111.68,0
2026-07-23,EQ-007,Grader,NEOM Site A,7.79,0.0,128.35,0
2026-07-24,EQ-007,Grader,NEOM Site A,1.23,0.0,18.72,0
2026-07-25,EQ-007,Grader,NEOM Site A,6.75,0.0,98.61,0
2026-07-26,EQ-007,Grader,NEOM Site A,7.28,0.0,104.94,0
2026-07-27,EQ-007,Grader,NEOM Site A,6.26,0.0,86.91,0
2026-07-28,EQ-007,Grader,NEOM Site A,4.81,0.0,81.22,0
2026-07-29,EQ-007,Grader,NEOM Site A,8.71,0.0,137.29,0
2026-07-30,EQ-007,Grader,NEOM Site A,8.71,0.0,131.53,0
2026-07-31,EQ-007,Grader,NEOM Site A,0.69,0.0,9.56,0
2026-08-01,EQ-007,Grader,NEOM Site A,7.24,0.0,112.72,0
2026-08-02,EQ-007,Grader,NEOM Site A,8.23,0.0,113.62,0
2026-08-03,EQ-007,Grader,NEOM Site A,3.47,0.95,46.34,0
2026-08-04,EQ-007,Grader,NEOM Site A,7.54,0.0,104.63,0
2026-08-05,EQ-007,Grader,NEOM Site A,6.33,0.0,99.03,0
2026-08-06,EQ-007,Grader,NEOM Site A,6.84,0.0,94.32,0
2026-08-07,EQ-007,Grader,NEOM Site A,1.06,0.0,15.32,0
2026-08-08,EQ-007,Grader,NEOM Site A,7.52,0.0,116.87,0
2026-08-09,EQ-007,Grader,NEOM Site A,7.66,0.0,124.51,0
2026-08-10,EQ-007,Grader,NEOM Site A,3.34,0.0,53.74,0
2026-08-11,EQ-007,Grader,NEOM Site A,6.62,0.0,91.69,0
2026-08-12,EQ-007,Grader,NEOM Site A,8.23,0.0,133.24,0
2026-08-13,EQ-007,Grader,NEOM Site A,6.93,0.0,99.76,0
2026-08-14,EQ-007,Grader,NEOM Site A,0.87,0.0,13.67,0
2026-08-15,EQ-007,Grader,NEOM Site A,4.94,0.0,69.58,0
2026-08-16,EQ-007,Grader,NEOM Site A,8.55,0.0,142.69,0
2026-08-17,EQ-007,Grader,NEOM Site A,6.96,3.86,99.45,1
2026-08-18,EQ-007,Grader,NEOM Site A,5.47,0.0,75.0,0
2026-08-19,EQ-007,Grader,NEOM Site A,4.38,0.0,57.46,0
2026-08-20,EQ-007,Grader,NEOM Site A,6.1,0.0,85.88,0
2026-08-21,EQ-007,Grader,NEOM Site A,1.41,0.0,21.52,0
2026-08-22,EQ-007,Grader,NEOM Site A,4.87,0.0,74.13,0
2026-08-23,EQ-007,Grader,NEOM Site A,5.77,0.0,79.27,0
2026-08-24,EQ-007,Grader,NEOM Site A,6.66,0.0,100.99,0
2026-08-25,EQ-007,Grader,NEOM Site A,6.23,0.0,91.93,0
2026-08-26,EQ-007,Grader,NEOM Site A,5.05,1.07,75.21,0
2026-08-27,EQ-007,Grader,NEOM Site A,6.48,0.0,95.65,0
2026-08-28,EQ-007,Grader,NEOM Site A,0.0,1.73,0.0,0
2026-08-29,EQ-007,Grader,NEOM Site A,7.92,0.0,120.67,0
2026-06-01,EQ-008,Dump Truck,Riyadh Metro Ext.,10.89,0.0,242.44,0
2026-06-02,EQ-008,Dump Truck,Riyadh Metro Ext.,8.33,0.0,179.97,0
2026-06-03,EQ-008,Dump Truck,Riyadh Metro Ext.,6.53,1.53,135.87,0
2026-06-04,EQ-008,Dump Truck,Riyadh Metro Ext.,8.03,0.0,181.55,0
2026-06-05,EQ-008,Dump Truck,Riyadh Metro Ext.,0.0,1.7,0.0,0
2026-06-06,EQ-008,Dump Truck,Riyadh Metro Ext.,9.47,0.0,207.01,0
2026-06-07,EQ-008,Dump Truck,Riyadh Metro Ext.,8.36,0.0,178.17,0
2026-06-08,EQ-008,Dump Truck,Riyadh Metro Ext.,8.2,0.0,183.6,0
2026-06-09,EQ-008,Dump Truck,Riyadh Metro Ext.,7.31,0.0,159.85,0
2026-06-10,EQ-008,Dump Truck,Riyadh Metro Ext.,7.67,0.0,176.06,0
2026-06-11,EQ-008,Dump Truck,Riyadh Metro Ext.,7.48,0.0,172.21,0
2026-06-12,EQ-008,Dump Truck,Riyadh Metro Ext.,1.35,0.0,29.99,0
2026-06-13,EQ-008,Dump Truck,Riyadh Metro Ext.,8.97,0.0,205.29,0
2026-06-14,EQ-008,Dump Truck,Riyadh Metro Ext.,9.57,0.0,198.94,0
2026-06-15,EQ-008,Dump Truck,Riyadh Metro Ext.,9.16,0.0,182.63,0
2026-06-16,EQ-008,Dump Truck,Riyadh Metro Ext.,7.23,0.0,130.16,0
2026-06-17,EQ-008,Dump Truck,Riyadh Metro Ext.,9.25,0.0,222.05,0
2026-06-18,EQ-008,Dump Truck,Riyadh Metro Ext.,8.41,0.0,179.83,0
2026-06-19,EQ-008,Dump Truck,Riyadh Metro Ext.,1.37,0.0,29.17,0
2026-06-20,EQ-008,Dump Truck,Riyadh Metro Ext.,10.2,0.0,228.93,0
2026-06-21,EQ-008,Dump Truck,Riyadh Metro Ext.,10.11,0.0,252.19,0
2026-06-22,EQ-008,Dump Truck,Riyadh Metro Ext.,8.08,0.0,165.47,0
2026-06-23,EQ-008,Dump Truck,Riyadh Metro Ext.,9.79,0.0,216.98,0
2026-06-24,EQ-008,Dump Truck,Riyadh Metro Ext.,6.16,1.49,146.59,0
2026-06-25,EQ-008,Dump Truck,Riyadh Metro Ext.,12.43,0.0,274.47,0
2026-06-26,EQ-008,Dump Truck,Riyadh Metro Ext.,1.45,0.0,27.95,0
2026-06-27,EQ-008,Dump Truck,Riyadh Metro Ext.,8.28,0.0,163.64,0
2026-06-28,EQ-008,Dump Truck,Riyadh Metro Ext.,11.07,3.6,249.94,1
2026-06-29,EQ-008,Dump Truck,Riyadh Metro Ext.,8.79,0.0,193.0,0
2026-06-30,EQ-008,Dump Truck,Riyadh Metro Ext.,9.64,0.0,206.93,0
2026-07-01,EQ-008,Dump Truck,Riyadh Metro Ext.,7.31,0.0,157.91,0
2026-07-02,EQ-008,Dump Truck,Riyadh Metro Ext.,9.07,0.0,199.01,0
2026-07-03,EQ-008,Dump Truck,Riyadh Metro Ext.,1.36,0.0,28.0,0
2026-07-04,EQ-008,Dump Truck,Riyadh Metro Ext.,8.58,0.9,190.95,0
2026-07-05,EQ-008,Dump Truck,Riyadh Metro Ext.,10.23,0.0,223.49,0
2026-07-06,EQ-008,Dump Truck,Riyadh Metro Ext.,8.44,0.0,191.72,0
2026-07-07,EQ-008,Dump Truck,Riyadh Metro Ext.,9.23,0.0,205.03,0
2026-07-08,EQ-008,Dump Truck,Riyadh Metro Ext.,9.98,0.0,231.68,0
2026-07-09,EQ-008,Dump Truck,Riyadh Metro Ext.,10.04,0.0,193.02,0
2026-07-10,EQ-008,Dump Truck,Riyadh Metro Ext.,1.63,0.0,31.51,0
2026-07-11,EQ-008,Dump Truck,Riyadh Metro Ext.,6.1,2.04,129.45,0
2026-07-12,EQ-008,Dump Truck,Riyadh Metro Ext.,10.68,0.0,221.85,0
2026-07-13,EQ-008,Dump Truck,Riyadh Metro Ext.,9.25,0.0,210.65,0
2026-07-14,EQ-008,Dump Truck,Riyadh Metro Ext.,10.09,0.0,229.66,0
2026-07-15,EQ-008,Dump Truck,Riyadh Metro Ext.,8.69,0.0,192.6,0
2026-07-16,EQ-008,Dump Truck,Riyadh Metro Ext.,9.26,0.0,211.59,0
2026-07-17,EQ-008,Dump Truck,Riyadh Metro Ext.,1.36,0.0,30.02,0
2026-07-18,EQ-008,Dump Truck,Riyadh Metro Ext.,8.97,0.0,227.73,0
2026-07-19,EQ-008,Dump Truck,Riyadh Metro Ext.,8.37,0.0,197.95,0
2026-07-20,EQ-008,Dump Truck,Riyadh Metro Ext.,9.12,0.0,195.28,0
2026-07-21,EQ-008,Dump Truck,Riyadh Metro Ext.,9.39,0.0,201.47,0
2026-07-22,EQ-008,Dump Truck,Riyadh Metro Ext.,9.3,0.0,209.14,0
2026-07-23,EQ-008,Dump Truck,Riyadh Metro Ext.,10.51,0.0,225.86,0
2026-07-24,EQ-008,Dump Truck,Riyadh Metro Ext.,1.84,0.0,38.37,0
2026-07-25,EQ-008,Dump Truck,Riyadh Metro Ext.,8.17,0.0,191.45,0
2026-07-26,EQ-008,Dump Truck,Riyadh Metro Ext.,8.56,0.0,187.54,0
2026-07-27,EQ-008,Dump Truck,Riyadh Metro Ext.,9.88,0.0,200.95,0
2026-07-28,EQ-008,Dump Truck,Riyadh Metro Ext.,9.27,0.0,208.67,0
2026-07-29,EQ-008,Dump Truck,Riyadh Metro Ext.,8.03,0.0,167.43,0
2026-07-30,EQ-008,Dump Truck,Riyadh Metro Ext.,8.37,0.0,201.01,0
2026-07-31,EQ-008,Dump Truck,Riyadh Metro Ext.,1.46,0.0,35.02,0
2026-08-01,EQ-008,Dump Truck,Riyadh Metro Ext.,12.38,0.0,258.18,0
2026-08-02,EQ-008,Dump Truck,Riyadh Metro Ext.,8.26,0.0,168.02,0
2026-08-03,EQ-008,Dump Truck,Riyadh Metro Ext.,8.64,0.0,194.55,0
2026-08-04,EQ-008,Dump Truck,Riyadh Metro Ext.,9.06,0.0,206.45,0
2026-08-05,EQ-008,Dump Truck,Riyadh Metro Ext.,9.72,3.97,245.68,1
2026-08-06,EQ-008,Dump Truck,Riyadh Metro Ext.,6.77,0.0,130.7,0
2026-08-07,EQ-008,Dump Truck,Riyadh Metro Ext.,1.35,0.0,28.79,0
2026-08-08,EQ-008,Dump Truck,Riyadh Metro Ext.,11.41,0.0,263.85,0
2026-08-09,EQ-008,Dump Truck,Riyadh Metro Ext.,7.88,0.0,173.87,0
2026-08-10,EQ-008,Dump Truck,Riyadh Metro Ext.,9.21,0.0,200.01,0
2026-08-11,EQ-008,Dump Truck,Riyadh Metro Ext.,9.02,0.0,277.52,0
2026-08-12,EQ-008,Dump Truck,Riyadh Metro Ext.,8.79,0.0,320.72,0
2026-08-13,EQ-008,Dump Truck,Riyadh Metro Ext.,8.65,0.0,267.56,0
2026-08-14,EQ-008,Dump Truck,Riyadh Metro Ext.,1.27,0.0,43.79,0
2026-08-15,EQ-008,Dump Truck,Riyadh Metro Ext.,11.13,0.0,377.07,0
2026-08-16,EQ-008,Dump Truck,Riyadh Metro Ext.,8.88,0.0,263.9,0
2026-08-17,EQ-008,Dump Truck,Riyadh Metro Ext.,8.08,0.0,263.05,0
2026-08-18,EQ-008,Dump Truck,Riyadh Metro Ext.,9.28,0.0,332.53,0
2026-08-19,EQ-008,Dump Truck,Riyadh Metro Ext.,9.33,0.0,272.36,0
2026-08-20,EQ-008,Dump Truck,Riyadh Metro Ext.,10.9,0.0,349.4,0
2026-08-21,EQ-008,Dump Truck,Riyadh Metro Ext.,1.33,0.0,45.75,0
2026-08-22,EQ-008,Dump Truck,Riyadh Metro Ext.,8.03,0.0,268.4,0
2026-08-23,EQ-008,Dump Truck,Riyadh Metro Ext.,8.26,0.0,232.61,0
2026-08-24,EQ-008,Dump Truck,Riyadh Metro Ext.,10.4,0.0,333.83,0
2026-08-25,EQ-008,Dump Truck,Riyadh Metro Ext.,6.14,0.0,183.5,0
2026-08-26,EQ-008,Dump Truck,Riyadh Metro Ext.,9.3,0.0,339.57,0
2026-08-27,EQ-008,Dump Truck,Riyadh Metro Ext.,8.06,0.0,251.46,0
2026-08-28,EQ-008,Dump Truck,Riyadh Metro Ext.,1.49,0.0,47.66,0
2026-08-29,EQ-008,Dump Truck,Riyadh Metro Ext.,7.82,0.63,246.11,0
2026-06-01,EQ-009,Crane,Dammam Port Rd,2.82,0.0,51.14,0
2026-06-02,EQ-009,Crane,Dammam Port Rd,5.81,0.0,100.91,0
2026-06-03,EQ-009,Crane,Dammam Port Rd,6.43,0.0,104.86,0
2026-06-04,EQ-009,Crane,Dammam Port Rd,6.91,0.0,115.95,0
2026-06-05,EQ-009,Crane,Dammam Port Rd,1.35,0.0,19.18,0
2026-06-06,EQ-009,Crane,Dammam Port Rd,4.85,1.96,75.22,0
2026-06-07,EQ-009,Crane,Dammam Port Rd,5.36,2.23,81.21,0
2026-06-08,EQ-009,Crane,Dammam Port Rd,5.0,0.61,75.07,0
2026-06-09,EQ-009,Crane,Dammam Port Rd,3.01,0.0,49.49,0
2026-06-10,EQ-009,Crane,Dammam Port Rd,5.55,0.0,88.94,0
2026-06-11,EQ-009,Crane,Dammam Port Rd,7.51,0.0,127.16,0
2026-06-12,EQ-009,Crane,Dammam Port Rd,0.95,0.0,15.26,0
2026-06-13,EQ-009,Crane,Dammam Port Rd,6.53,0.0,102.34,0
2026-06-14,EQ-009,Crane,Dammam Port Rd,6.38,0.0,100.16,0
2026-06-15,EQ-009,Crane,Dammam Port Rd,6.35,0.0,109.7,0
2026-06-16,EQ-009,Crane,Dammam Port Rd,5.86,0.0,97.2,0
2026-06-17,EQ-009,Crane,Dammam Port Rd,3.43,0.0,55.49,0
2026-06-18,EQ-009,Crane,Dammam Port Rd,6.83,0.0,97.36,0
2026-06-19,EQ-009,Crane,Dammam Port Rd,0.3,0.59,4.91,0
2026-06-20,EQ-009,Crane,Dammam Port Rd,6.58,2.0,111.51,0
2026-06-21,EQ-009,Crane,Dammam Port Rd,7.17,0.0,98.25,0
2026-06-22,EQ-009,Crane,Dammam Port Rd,5.4,0.0,80.47,0
2026-06-23,EQ-009,Crane,Dammam Port Rd,5.37,0.0,94.88,0
2026-06-24,EQ-009,Crane,Dammam Port Rd,6.26,0.0,104.6,0
2026-06-25,EQ-009,Crane,Dammam Port Rd,5.42,0.0,79.56,0
2026-06-26,EQ-009,Crane,Dammam Port Rd,0.48,0.0,7.93,0
2026-06-27,EQ-009,Crane,Dammam Port Rd,6.57,0.0,116.72,0
2026-06-28,EQ-009,Crane,Dammam Port Rd,4.35,0.0,71.91,0
2026-06-29,EQ-009,Crane,Dammam Port Rd,7.76,0.0,133.85,0
2026-06-30,EQ-009,Crane,Dammam Port Rd,2.51,2.36,36.99,0
2026-07-01,EQ-009,Crane,Dammam Port Rd,4.97,0.0,88.41,0
2026-07-02,EQ-009,Crane,Dammam Port Rd,4.82,0.0,79.83,0
2026-07-03,EQ-009,Crane,Dammam Port Rd,0.67,0.0,10.62,0
2026-07-04,EQ-009,Crane,Dammam Port Rd,4.81,0.0,68.76,0
2026-07-05,EQ-009,Crane,Dammam Port Rd,4.55,0.0,69.62,0
2026-07-06,EQ-009,Crane,Dammam Port Rd,3.5,0.0,60.46,0
2026-07-07,EQ-009,Crane,Dammam Port Rd,4.9,0.0,82.26,0
2026-07-08,EQ-009,Crane,Dammam Port Rd,3.4,0.0,50.96,0
2026-07-09,EQ-009,Crane,Dammam Port Rd,2.51,1.31,38.28,0
2026-07-10,EQ-009,Crane,Dammam Port Rd,0.8,0.0,13.68,0
2026-07-11,EQ-009,Crane,Dammam Port Rd,5.01,0.0,75.36,0
2026-07-12,EQ-009,Crane,Dammam Port Rd,3.29,0.0,51.28,0
2026-07-13,EQ-009,Crane,Dammam Port Rd,2.63,0.0,39.43,0
2026-07-14,EQ-009,Crane,Dammam Port Rd,5.99,0.0,86.1,0
2026-07-15,EQ-009,Crane,Dammam Port Rd,5.53,0.0,83.94,0
2026-07-16,EQ-009,Crane,Dammam Port Rd,4.02,0.0,53.83,0
2026-07-17,EQ-009,Crane,Dammam Port Rd,0.44,0.0,7.87,0
2026-07-18,EQ-009,Crane,Dammam Port Rd,4.1,0.0,70.88,0
2026-07-19,EQ-009,Crane,Dammam Port Rd,6.14,0.0,98.11,0
2026-07-20,EQ-009,Crane,Dammam Port Rd,5.85,0.0,100.31,0
2026-07-21,EQ-009,Crane,Dammam Port Rd,3.52,0.0,55.34,0
2026-07-22,EQ-009,Crane,Dammam Port Rd,3.53,0.0,49.87,0
2026-07-23,EQ-009,Crane,Dammam Port Rd,3.48,0.0,59.49,0
2026-07-24,EQ-009,Crane,Dammam Port Rd,0.62,0.0,10.24,0
2026-07-25,EQ-009,Crane,Dammam Port Rd,3.41,0.0,57.75,0
2026-07-26,EQ-009,Crane,Dammam Port Rd,4.23,1.87,71.31,0
2026-07-27,EQ-009,Crane,Dammam Port Rd,4.69,0.0,72.91,0
2026-07-28,EQ-009,Crane,Dammam Port Rd,4.43,0.0,68.88,0
2026-07-29,EQ-009,Crane,Dammam Port Rd,4.05,0.0,62.1,0
2026-07-30,EQ-009,Crane,Dammam Port Rd,2.6,0.0,37.96,0
2026-07-31,EQ-009,Crane,Dammam Port Rd,0.44,0.0,6.5,0
2026-08-01,EQ-009,Crane,Dammam Port Rd,3.36,0.0,52.04,0
2026-08-02,EQ-009,Crane,Dammam Port Rd,4.74,0.0,76.0,0
2026-08-03,EQ-009,Crane,Dammam Port Rd,3.45,4.71,56.45,1
2026-08-04,EQ-009,Crane,Dammam Port Rd,3.1,0.0,42.58,0
2026-08-05,EQ-009,Crane,Dammam Port Rd,3.83,0.0,60.04,0
2026-08-06,EQ-009,Crane,Dammam Port Rd,4.86,0.0,78.96,0
2026-08-07,EQ-009,Crane,Dammam Port Rd,0.0,1.52,0.0,0
2026-08-08,EQ-009,Crane,Dammam Port Rd,4.11,0.0,65.74,0
2026-08-09,EQ-009,Crane,Dammam Port Rd,4.04,0.0,68.08,0
2026-08-10,EQ-009,Crane,Dammam Port Rd,2.98,0.0,55.04,0
2026-08-11,EQ-009,Crane,Dammam Port Rd,3.35,0.0,51.48,0
2026-08-12,EQ-009,Crane,Dammam Port Rd,3.12,1.02,53.51,0
2026-08-13,EQ-009,Crane,Dammam Port Rd,3.64,0.0,61.9,0
2026-08-14,EQ-009,Crane,Dammam Port Rd,0.63,0.0,10.77,0
2026-08-15,EQ-009,Crane,Dammam Port Rd,2.37,0.7,38.43,0
2026-08-16,EQ-009,Crane,Dammam Port Rd,2.07,1.62,33.11,0
2026-08-17,EQ-009,Crane,Dammam Port Rd,4.0,0.0,56.36,0
2026-08-18,EQ-009,Crane,Dammam Port Rd,3.0,0.0,47.22,0
2026-08-19,EQ-009,Crane,Dammam Port Rd,1.16,0.89,18.54,0
2026-08-20,EQ-009,Crane,Dammam Port Rd,2.83,0.0,43.49,0
2026-08-21,EQ-009,Crane,Dammam Port Rd,0.54,0.0,8.85,0
2026-08-22,EQ-009,Crane,Dammam Port Rd,3.03,0.0,51.96,0
2026-08-23,EQ-009,Crane,Dammam Port Rd,2.44,0.0,40.71,0
2026-08-24,EQ-009,Crane,Dammam Port Rd,3.19,0.0,52.55,0
2026-08-25,EQ-009,Crane,Dammam Port Rd,2.65,0.0,42.26,0
2026-08-26,EQ-009,Crane,Dammam Port Rd,2.52,0.0,46.09,0
2026-08-27,EQ-009,Crane,Dammam Port Rd,1.86,0.0,26.2,0
2026-08-28,EQ-009,Crane,Dammam Port Rd,0.39,0.0,5.4,0
2026-08-29,EQ-009,Crane,Dammam Port Rd,2.83,0.0,38.67,0
2026-06-01,EQ-010,Crane,NEOM Site A,7.51,0.0,132.65,0
2026-06-02,EQ-010,Crane,NEOM Site A,6.93,0.0,121.2,0
2026-06-03,EQ-010,Crane,NEOM Site A,8.52,0.0,127.32,0
2026-06-04,EQ-010,Crane,NEOM Site A,6.74,0.0,94.2,0
2026-06-05,EQ-010,Crane,NEOM Site A,1.06,0.0,17.71,0
2026-06-06,EQ-010,Crane,NEOM Site A,8.27,0.0,131.61,0
2026-06-07,EQ-010,Crane,NEOM Site A,6.96,0.0,103.81,0
2026-06-08,EQ-010,Crane,NEOM Site A,8.02,0.0,119.41,0
2026-06-09,EQ-010,Crane,NEOM Site A,7.66,0.0,125.5,0
2026-06-10,EQ-010,Crane,NEOM Site A,7.05,0.0,113.49,0
2026-06-11,EQ-010,Crane,NEOM Site A,8.19,0.0,136.8,0
2026-06-12,EQ-010,Crane,NEOM Site A,0.83,0.0,13.63,0
2026-06-13,EQ-010,Crane,NEOM Site A,7.36,0.0,110.91,0
2026-06-14,EQ-010,Crane,NEOM Site A,7.99,0.0,110.65,0
2026-06-15,EQ-010,Crane,NEOM Site A,7.75,0.0,136.18,0
2026-06-16,EQ-010,Crane,NEOM Site A,6.39,0.0,110.76,0
2026-06-17,EQ-010,Crane,NEOM Site A,5.42,0.0,85.57,0
2026-06-18,EQ-010,Crane,NEOM Site A,7.49,0.0,105.88,0
2026-06-19,EQ-010,Crane,NEOM Site A,1.12,0.0,17.48,0
2026-06-20,EQ-010,Crane,NEOM Site A,4.27,0.0,68.31,0
2026-06-21,EQ-010,Crane,NEOM Site A,7.62,0.0,136.0,0
2026-06-22,EQ-010,Crane,NEOM Site A,5.68,0.0,100.63,0
2026-06-23,EQ-010,Crane,NEOM Site A,6.75,0.0,106.89,0
2026-06-24,EQ-010,Crane,NEOM Site A,8.12,0.0,122.55,0
2026-06-25,EQ-010,Crane,NEOM Site A,6.45,0.0,96.06,0
2026-06-26,EQ-010,Crane,NEOM Site A,0.96,0.0,16.67,0
2026-06-27,EQ-010,Crane,NEOM Site A,6.66,1.29,111.55,0
2026-06-28,EQ-010,Crane,NEOM Site A,5.8,0.0,92.19,0
2026-06-29,EQ-010,Crane,NEOM Site A,5.34,0.0,94.04,0
2026-06-30,EQ-010,Crane,NEOM Site A,6.31,0.0,97.37,0
2026-07-01,EQ-010,Crane,NEOM Site A,6.85,0.0,101.48,0
2026-07-02,EQ-010,Crane,NEOM Site A,4.22,0.0,63.65,0
2026-07-03,EQ-010,Crane,NEOM Site A,0.97,0.0,15.83,0
2026-07-04,EQ-010,Crane,NEOM Site A,5.36,0.0,88.45,0
2026-07-05,EQ-010,Crane,NEOM Site A,5.29,0.0,82.58,0
2026-07-06,EQ-010,Crane,NEOM Site A,4.79,0.0,77.2,0
2026-07-07,EQ-010,Crane,NEOM Site A,6.02,0.0,96.19,0
2026-07-08,EQ-010,Crane,NEOM Site A,5.71,0.0,100.6,0
2026-07-09,EQ-010,Crane,NEOM Site A,5.94,0.0,93.49,0
2026-07-10,EQ-010,Crane,NEOM Site A,1.04,0.0,17.25,0
2026-07-11,EQ-010,Crane,NEOM Site A,4.37,0.0,75.99,0
2026-07-12,EQ-010,Crane,NEOM Site A,6.23,0.0,94.93,0
2026-07-13,EQ-010,Crane,NEOM Site A,4.72,0.0,66.2,0
2026-07-14,EQ-010,Crane,NEOM Site A,6.21,0.0,86.11,0
2026-07-15,EQ-010,Crane,NEOM Site A,4.96,0.0,79.08,0
2026-07-16,EQ-010,Crane,NEOM Site A,6.06,0.0,103.46,0
2026-07-17,EQ-010,Crane,NEOM Site A,1.06,0.0,17.5,0
2026-07-18,EQ-010,Crane,NEOM Site A,5.47,0.0,80.64,0
2026-07-19,EQ-010,Crane,NEOM Site A,7.5,4.03,121.81,1
2026-07-20,EQ-010,Crane,NEOM Site A,6.98,0.0,114.05,0
2026-07-21,EQ-010,Crane,NEOM Site A,6.36,0.0,106.86,0
2026-07-22,EQ-010,Crane,NEOM Site A,6.41,0.0,101.55,0
2026-07-23,EQ-010,Crane,NEOM Site A,6.58,0.0,106.49,0
2026-07-24,EQ-010,Crane,NEOM Site A,1.16,0.0,18.82,0
2026-07-25,EQ-010,Crane,NEOM Site A,8.05,0.0,130.39,0
2026-07-26,EQ-010,Crane,NEOM Site A,5.8,0.0,86.89,0
2026-07-27,EQ-010,Crane,NEOM Site A,6.3,0.0,91.83,0
2026-07-28,EQ-010,Crane,NEOM Site A,5.1,0.0,91.4,0
2026-07-29,EQ-010,Crane,NEOM Site A,5.95,0.0,92.44,0
2026-07-30,EQ-010,Crane,NEOM Site A,5.37,0.0,100.64,0
2026-07-31,EQ-010,Crane,NEOM Site A,0.0,1.69,0.0,0
2026-08-01,EQ-010,Crane,NEOM Site A,4.37,0.0,75.57,0
2026-08-02,EQ-010,Crane,NEOM Site A,7.76,0.0,122.64,0
2026-08-03,EQ-010,Crane,NEOM Site A,6.84,0.56,97.08,0
2026-08-04,EQ-010,Crane,NEOM Site A,6.64,0.0,97.28,0
2026-08-05,EQ-010,Crane,NEOM Site A,7.27,0.0,122.37,0
2026-08-06,EQ-010,Crane,NEOM Site A,7.55,0.0,107.08,0
2026-08-07,EQ-010,Crane,NEOM Site A,0.88,0.0,13.53,0
2026-08-08,EQ-010,Crane,NEOM Site A,5.67,0.0,101.8,0
2026-08-09,EQ-010,Crane,NEOM Site A,7.49,0.0,127.97,0
2026-08-10,EQ-010,Crane,NEOM Site A,7.19,0.0,113.75,0
2026-08-11,EQ-010,Crane,NEOM Site A,5.99,0.0,99.52,0
2026-08-12,EQ-010,Crane,NEOM Site A,5.94,0.0,88.37,0
2026-08-13,EQ-010,Crane,NEOM Site A,8.31,0.0,137.55,0
2026-08-14,EQ-010,Crane,NEOM Site A,0.0,2.04,0.0,0
2026-08-15,EQ-010,Crane,NEOM Site A,6.43,0.0,99.68,0
2026-08-16,EQ-010,Crane,NEOM Site A,8.28,0.0,125.12,0
2026-08-17,EQ-010,Crane,NEOM Site A,5.88,0.0,98.54,0
2026-08-18,EQ-010,Crane,NEOM Site A,7.17,0.0,119.36,0
2026-08-19,EQ-010,Crane,NEOM Site A,5.73,0.0,97.86,0
2026-08-20,EQ-010,Crane,NEOM Site A,7.55,0.0,113.55,0
2026-08-21,EQ-010,Crane,NEOM Site A,0.99,0.0,13.78,0
2026-08-22,EQ-010,Crane,NEOM Site A,6.83,0.0,104.98,0
2026-08-23,EQ-010,Crane,NEOM Site A,5.74,0.0,89.12,0
2026-08-24,EQ-010,Crane,NEOM Site A,5.04,0.82,72.32,0
2026-08-25,EQ-010,Crane,NEOM Site A,7.44,0.0,126.0,0
2026-08-26,EQ-010,Crane,NEOM Site A,2.27,2.38,33.67,0
2026-08-27,EQ-010,Crane,NEOM Site A,6.51,0.0,117.61,0
2026-08-28,EQ-010,Crane,NEOM Site A,1.32,0.0,24.83,0
2026-08-29,EQ-010,Crane,NEOM Site A,5.4,0.0,92.3,0
2026-06-01,EQ-011,Dump Truck,Jeddah Corniche,9.59,0.0,219.21,0
2026-06-02,EQ-011,Dump Truck,Jeddah Corniche,9.28,0.0,205.17,0
2026-06-03,EQ-011,Dump Truck,Jeddah Corniche,8.8,0.0,201.43,0
2026-06-04,EQ-011,Dump Truck,Jeddah Corniche,9.88,0.0,201.42,0
2026-06-05,EQ-011,Dump Truck,Jeddah Corniche,1.25,0.0,28.96,0
2026-06-06,EQ-011,Dump Truck,Jeddah Corniche,10.17,0.0,246.18,0
2026-06-07,EQ-011,Dump Truck,Jeddah Corniche,8.72,1.92,213.1,0
2026-06-08,EQ-011,Dump Truck,Jeddah Corniche,8.93,0.0,191.72,0
2026-06-09,EQ-011,Dump Truck,Jeddah Corniche,7.93,0.0,182.24,0
2026-06-10,EQ-011,Dump Truck,Jeddah Corniche,8.06,0.0,163.84,0
2026-06-11,EQ-011,Dump Truck,Jeddah Corniche,7.49,0.0,182.45,0
2026-06-12,EQ-011,Dump Truck,Jeddah Corniche,1.36,0.0,26.09,0
2026-06-13,EQ-011,Dump Truck,Jeddah Corniche,8.19,0.0,156.22,0
2026-06-14,EQ-011,Dump Truck,Jeddah Corniche,9.14,0.0,182.48,0
2026-06-15,EQ-011,Dump Truck,Jeddah Corniche,8.36,0.0,188.92,0
2026-06-16,EQ-011,Dump Truck,Jeddah Corniche,9.37,0.0,216.92,0
2026-06-17,EQ-011,Dump Truck,Jeddah Corniche,10.37,0.0,232.96,0
2026-06-18,EQ-011,Dump Truck,Jeddah Corniche,9.61,0.0,205.62,0
2026-06-19,EQ-011,Dump Truck,Jeddah Corniche,1.29,0.0,29.22,0
2026-06-20,EQ-011,Dump Truck,Jeddah Corniche,8.89,0.0,186.78,0
2026-06-21,EQ-011,Dump Truck,Jeddah Corniche,8.2,0.0,165.2,0
2026-06-22,EQ-011,Dump Truck,Jeddah Corniche,10.17,0.0,210.32,0
2026-06-23,EQ-011,Dump Truck,Jeddah Corniche,9.97,0.0,197.75,0
2026-06-24,EQ-011,Dump Truck,Jeddah Corniche,10.23,0.0,218.52,0
2026-06-25,EQ-011,Dump Truck,Jeddah Corniche,9.05,0.0,199.37,0
2026-06-26,EQ-011,Dump Truck,Jeddah Corniche,1.13,0.0,24.1,0
2026-06-27,EQ-011,Dump Truck,Jeddah Corniche,11.27,2.83,209.07,1
2026-06-28,EQ-011,Dump Truck,Jeddah Corniche,11.33,0.0,281.29,0
2026-06-29,EQ-011,Dump Truck,Jeddah Corniche,6.18,1.6,138.06,0
2026-06-30,EQ-011,Dump Truck,Jeddah Corniche,7.47,0.0,156.61,0
2026-07-01,EQ-011,Dump Truck,Jeddah Corniche,10.08,0.0,226.02,0
2026-07-02,EQ-011,Dump Truck,Jeddah Corniche,7.38,0.0,153.87,0
2026-07-03,EQ-011,Dump Truck,Jeddah Corniche,1.51,0.0,35.59,0
2026-07-04,EQ-011,Dump Truck,Jeddah Corniche,8.09,0.0,156.04,0
2026-07-05,EQ-011,Dump Truck,Jeddah Corniche,10.71,0.0,223.15,0
2026-07-06,EQ-011,Dump Truck,Jeddah Corniche,8.97,2.0,193.28,0
2026-07-07,EQ-011,Dump Truck,Jeddah Corniche,8.84,0.0,216.3,0
2026-07-08,EQ-011,Dump Truck,Jeddah Corniche,9.51,0.0,226.27,0
2026-07-09,EQ-011,Dump Truck,Jeddah Corniche,7.6,0.0,163.67,0
2026-07-10,EQ-011,Dump Truck,Jeddah Corniche,0.9,0.0,18.33,0
2026-07-11,EQ-011,Dump Truck,Jeddah Corniche,9.64,0.0,214.76,0
2026-07-12,EQ-011,Dump Truck,Jeddah Corniche,11.34,0.0,249.03,0
2026-07-13,EQ-011,Dump Truck,Jeddah Corniche,8.36,1.01,163.27,0
2026-07-14,EQ-011,Dump Truck,Jeddah Corniche,10.69,0.0,268.67,0
2026-07-15,EQ-011,Dump Truck,Jeddah Corniche,8.96,0.0,196.41,0
2026-07-16,EQ-011,Dump Truck,Jeddah Corniche,8.96,0.0,198.83,0
2026-07-17,EQ-011,Dump Truck,Jeddah Corniche,1.41,0.0,28.05,0
2026-07-18,EQ-011,Dump Truck,Jeddah Corniche,8.06,0.0,169.72,0
2026-07-19,EQ-011,Dump Truck,Jeddah Corniche,11.76,0.0,286.69,0
2026-07-20,EQ-011,Dump Truck,Jeddah Corniche,8.77,0.0,175.0,0
2026-07-21,EQ-011,Dump Truck,Jeddah Corniche,8.46,0.0,206.87,0
2026-07-22,EQ-011,Dump Truck,Jeddah Corniche,9.27,0.0,213.0,0
2026-07-23,EQ-011,Dump Truck,Jeddah Corniche,10.95,0.0,281.28,0
2026-07-24,EQ-011,Dump Truck,Jeddah Corniche,1.26,0.0,25.42,0
2026-07-25,EQ-011,Dump Truck,Jeddah Corniche,11.8,0.0,253.47,0
2026-07-26,EQ-011,Dump Truck,Jeddah Corniche,10.5,0.0,262.76,0
2026-07-27,EQ-011,Dump Truck,Jeddah Corniche,7.14,0.0,152.05,0
2026-07-28,EQ-011,Dump Truck,Jeddah Corniche,6.63,0.0,143.13,0
2026-07-29,EQ-011,Dump Truck,Jeddah Corniche,9.89,0.0,212.15,0
2026-07-30,EQ-011,Dump Truck,Jeddah Corniche,8.49,0.0,199.8,0
2026-07-31,EQ-011,Dump Truck,Jeddah Corniche,1.25,0.0,29.49,0
2026-08-01,EQ-011,Dump Truck,Jeddah Corniche,9.45,0.0,200.26,0
2026-08-02,EQ-011,Dump Truck,Jeddah Corniche,6.55,0.0,159.15,0
2026-08-03,EQ-011,Dump Truck,Jeddah Corniche,9.48,0.0,206.12,0
2026-08-04,EQ-011,Dump Truck,Jeddah Corniche,9.02,4.88,179.49,1
2026-08-05,EQ-011,Dump Truck,Jeddah Corniche,9.33,0.0,213.42,0
2026-08-06,EQ-011,Dump Truck,Jeddah Corniche,7.52,0.0,178.19,0
2026-08-07,EQ-011,Dump Truck,Jeddah Corniche,1.44,0.0,31.42,0
2026-08-08,EQ-011,Dump Truck,Jeddah Corniche,8.0,0.0,191.48,0
2026-08-09,EQ-011,Dump Truck,Jeddah Corniche,8.86,0.0,188.14,0
2026-08-10,EQ-011,Dump Truck,Jeddah Corniche,9.24,0.0,210.21,0
2026-08-11,EQ-011,Dump Truck,Jeddah Corniche,9.63,0.0,232.91,0
2026-08-12,EQ-011,Dump Truck,Jeddah Corniche,10.2,0.0,210.1,0
2026-08-13,EQ-011,Dump Truck,Jeddah Corniche,8.91,0.0,180.38,0
2026-08-14,EQ-011,Dump Truck,Jeddah Corniche,1.27,0.0,26.64,0
2026-08-15,EQ-011,Dump Truck,Jeddah Corniche,8.62,0.0,192.31,0
2026-08-16,EQ-011,Dump Truck,Jeddah Corniche,9.91,2.05,218.13,0
2026-08-17,EQ-011,Dump Truck,Jeddah Corniche,9.31,0.0,234.54,0
2026-08-18,EQ-011,Dump Truck,Jeddah Corniche,7.99,0.0,178.24,0
2026-08-19,EQ-011,Dump Truck,Jeddah Corniche,7.11,0.0,170.41,0
2026-08-20,EQ-011,Dump Truck,Jeddah Corniche,6.27,1.7,125.87,0
2026-08-21,EQ-011,Dump Truck,Jeddah Corniche,1.54,0.0,31.22,0
2026-08-22,EQ-011,Dump Truck,Jeddah Corniche,6.94,2.33,160.66,0
2026-08-23,EQ-011,Dump Truck,Jeddah Corniche,7.61,0.0,169.13,0
2026-08-24,EQ-011,Dump Truck,Jeddah Corniche,10.16,0.0,213.18,0
2026-08-25,EQ-011,Dump Truck,Jeddah Corniche,10.12,0.0,251.22,0
2026-08-26,EQ-011,Dump Truck,Jeddah Corniche,7.64,0.0,160.35,0
2026-08-27,EQ-011,Dump Truck,Jeddah Corniche,11.42,0.0,233.29,0
2026-08-28,EQ-011,Dump Truck,Jeddah Corniche,1.26,0.0,29.67,0
2026-08-29,EQ-011,Dump Truck,Jeddah Corniche,8.92,0.0,206.54,0
2026-06-01,EQ-012,Bulldozer,Makkah Housing,7.66,0.0,144.45,0
2026-06-02,EQ-012,Bulldozer,Makkah Housing,7.78,0.0,173.25,0
2026-06-03,EQ-012,Bulldozer,Makkah Housing,8.44,0.0,177.55,0
2026-06-04,EQ-012,Bulldozer,Makkah Housing,5.09,1.61,92.96,0
2026-06-05,EQ-012,Bulldozer,Makkah Housing,1.19,0.0,24.84,0
2026-06-06,EQ-012,Bulldozer,Makkah Housing,8.16,0.0,169.46,0
2026-06-07,EQ-012,Bulldozer,Makkah Housing,7.45,0.0,141.4,0
2026-06-08,EQ-012,Bulldozer,Makkah Housing,7.94,0.0,151.43,0
2026-06-09,EQ-012,Bulldozer,Makkah Housing,6.84,0.72,126.09,0
2026-06-10,EQ-012,Bulldozer,Makkah Housing,9.02,0.0,187.16,0
2026-06-11,EQ-012,Bulldozer,Makkah Housing,9.87,0.0,239.21,0
2026-06-12,EQ-012,Bulldozer,Makkah Housing,1.08,0.0,21.08,0
2026-06-13,EQ-012,Bulldozer,Makkah Housing,7.95,0.0,157.67,0
2026-06-14,EQ-012,Bulldozer,Makkah Housing,9.63,0.0,196.29,0
2026-06-15,EQ-012,Bulldozer,Makkah Housing,6.41,0.0,126.98,0
2026-06-16,EQ-012,Bulldozer,Makkah Housing,6.77,0.0,160.73,0
2026-06-17,EQ-012,Bulldozer,Makkah Housing,7.18,0.0,136.65,0
2026-06-18,EQ-012,Bulldozer,Makkah Housing,7.44,0.0,154.54,0
2026-06-19,EQ-012,Bulldozer,Makkah Housing,1.25,0.0,25.53,0
2026-06-20,EQ-012,Bulldozer,Makkah Housing,6.45,0.0,120.69,0
2026-06-21,EQ-012,Bulldozer,Makkah Housing,6.07,4.41,127.33,1
2026-06-22,EQ-012,Bulldozer,Makkah Housing,7.55,0.0,132.33,0
2026-06-23,EQ-012,Bulldozer,Makkah Housing,8.54,0.0,178.21,0
2026-06-24,EQ-012,Bulldozer,Makkah Housing,7.96,0.0,142.43,0
2026-06-25,EQ-012,Bulldozer,Makkah Housing,6.65,0.0,139.33,0
2026-06-26,EQ-012,Bulldozer,Makkah Housing,0.88,0.0,16.69,0
2026-06-27,EQ-012,Bulldozer,Makkah Housing,7.07,0.0,127.35,0
2026-06-28,EQ-012,Bulldozer,Makkah Housing,6.51,0.0,119.51,0
2026-06-29,EQ-012,Bulldozer,Makkah Housing,7.36,0.0,133.81,0
2026-06-30,EQ-012,Bulldozer,Makkah Housing,7.25,0.0,140.8,0
2026-07-01,EQ-012,Bulldozer,Makkah Housing,6.81,0.0,133.31,0
2026-07-02,EQ-012,Bulldozer,Makkah Housing,8.83,0.0,172.27,0
2026-07-03,EQ-012,Bulldozer,Makkah Housing,1.21,0.0,25.96,0
2026-07-04,EQ-012,Bulldozer,Makkah Housing,6.84,0.0,136.25,0
2026-07-05,EQ-012,Bulldozer,Makkah Housing,8.34,0.0,178.78,0
2026-07-06,EQ-012,Bulldozer,Makkah Housing,8.06,0.0,174.83,0
2026-07-07,EQ-012,Bulldozer,Makkah Housing,10.18,0.0,223.96,0
2026-07-08,EQ-012,Bulldozer,Makkah Housing,7.6,0.0,132.42,0
2026-07-09,EQ-012,Bulldozer,Makkah Housing,7.81,0.0,146.13,0
2026-07-10,EQ-012,Bulldozer,Makkah Housing,1.11,0.0,20.25,0
2026-07-11,EQ-012,Bulldozer,Makkah Housing,7.69,0.55,170.0,0
2026-07-12,EQ-012,Bulldozer,Makkah Housing,6.21,0.0,119.98,0
2026-07-13,EQ-012,Bulldozer,Makkah Housing,8.15,0.0,171.56,0
2026-07-14,EQ-012,Bulldozer,Makkah Housing,8.59,0.0,185.21,0
2026-07-15,EQ-012,Bulldozer,Makkah Housing,6.48,0.0,131.88,0
2026-07-16,EQ-012,Bulldozer,Makkah Housing,8.08,0.0,152.1,0
2026-07-17,EQ-012,Bulldozer,Makkah Housing,0.88,0.0,17.87,0
2026-07-18,EQ-012,Bulldozer,Makkah Housing,8.88,0.0,160.12,0
2026-07-19,EQ-012,Bulldozer,Makkah Housing,8.66,0.0,177.33,0
2026-07-20,EQ-012,Bulldozer,Makkah Housing,6.72,0.0,126.21,0
2026-07-21,EQ-012,Bulldozer,Makkah Housing,7.1,3.56,131.05,1
2026-07-22,EQ-012,Bulldozer,Makkah Housing,9.43,0.0,193.9,0
2026-07-23,EQ-012,Bulldozer,Makkah Housing,4.2,0.0,82.17,0
2026-07-24,EQ-012,Bulldozer,Makkah Housing,0.98,0.0,19.11,0
2026-07-25,EQ-012,Bulldozer,Makkah Housing,6.55,0.73,120.71,0
2026-07-26,EQ-012,Bulldozer,Makkah Housing,8.65,0.0,163.78,0
2026-07-27,EQ-012,Bulldozer,Makkah Housing,7.02,0.0,147.96,0
2026-07-28,EQ-012,Bulldozer,Makkah Housing,6.83,0.0,129.55,0
2026-07-29,EQ-012,Bulldozer,Makkah Housing,8.71,0.0,187.31,0
2026-07-30,EQ-012,Bulldozer,Makkah Housing,7.01,0.0,138.12,0
2026-07-31,EQ-012,Bulldozer,Makkah Housing,1.17,0.0,24.41,0
2026-08-01,EQ-012,Bulldozer,Makkah Housing,6.8,0.0,140.22,0
2026-08-02,EQ-012,Bulldozer,Makkah Housing,7.43,0.0,150.11,0
2026-08-03,EQ-012,Bulldozer,Makkah Housing,8.16,0.0,173.94,0
2026-08-04,EQ-012,Bulldozer,Makkah Housing,8.67,0.0,179.69,0
2026-08-05,EQ-012,Bulldozer,Makkah Housing,8.08,0.0,150.22,0
2026-08-06,EQ-012,Bulldozer,Makkah Housing,6.97,0.0,145.66,0
2026-08-07,EQ-012,Bulldozer,Makkah Housing,1.09,0.0,23.54,0
2026-08-08,EQ-012,Bulldozer,Makkah Housing,6.55,1.98,141.52,0
2026-08-09,EQ-012,Bulldozer,Makkah Housing,8.43,0.0,164.88,0
2026-08-10,EQ-012,Bulldozer,Makkah Housing,5.53,2.17,112.79,0
2026-08-11,EQ-012,Bulldozer,Makkah Housing,8.2,0.0,156.31,0
2026-08-12,EQ-012,Bulldozer,Makkah Housing,7.19,0.0,143.38,0
2026-08-13,EQ-012,Bulldozer,Makkah Housing,5.24,0.0,105.16,0
2026-08-14,EQ-012,Bulldozer,Makkah Housing,0.0,1.1,0.0,0
2026-08-15,EQ-012,Bulldozer,Makkah Housing,5.55,0.0,116.86,0
2026-08-16,EQ-012,Bulldozer,Makkah Housing,9.53,0.0,170.92,0
2026-08-17,EQ-012,Bulldozer,Makkah Housing,7.22,0.0,146.22,0
2026-08-18,EQ-012,Bulldozer,Makkah Housing,8.15,0.0,163.68,0
2026-08-19,EQ-012,Bulldozer,Makkah Housing,8.0,0.0,151.06,0
2026-08-20,EQ-012,Bulldozer,Makkah Housing,7.09,0.0,135.55,0
2026-08-21,EQ-012,Bulldozer,Makkah Housing,1.03,0.0,20.85,0
2026-08-22,EQ-012,Bulldozer,Makkah Housing,7.43,2.56,150.9,1
2026-08-23,EQ-012,Bulldozer,Makkah Housing,8.08,0.0,162.0,0
2026-08-24,EQ-012,Bulldozer,Makkah Housing,7.16,0.0,144.45,0
2026-08-25,EQ-012,Bulldozer,Makkah Housing,7.19,0.0,129.0,0
2026-08-26,EQ-012,Bulldozer,Makkah Housing,6.23,0.57,130.04,0
2026-08-27,EQ-012,Bulldozer,Makkah Housing,7.16,0.0,140.51,0
2026-08-28,EQ-012,Bulldozer,Makkah Housing,1.17,0.0,26.38,0
2026-08-29,EQ-012,Bulldozer,Makkah Housing,5.62,1.08,112.23,0
2026-06-01,EQ-013,Grader,Makkah Housing,2.24,2.9,29.6,0
2026-06-02,EQ-013,Grader,Makkah Housing,6.05,0.0,94.38,0
2026-06-03,EQ-013,Grader,Makkah Housing,7.72,0.0,113.71,0
2026-06-04,EQ-013,Grader,Makkah Housing,4.77,0.0,73.55,0
2026-06-05,EQ-013,Grader,Makkah Housing,1.2,0.0,19.3,0
2026-06-06,EQ-013,Grader,Makkah Housing,5.18,0.0,81.58,0
2026-06-07,EQ-013,Grader,Makkah Housing,5.26,3.74,70.4,0
2026-06-08,EQ-013,Grader,Makkah Housing,6.95,0.0,89.51,0
2026-06-09,EQ-013,Grader,Makkah Housing,7.16,0.0,99.02,0
2026-06-10,EQ-013,Grader,Makkah Housing,7.08,0.0,113.2,0
2026-06-11,EQ-013,Grader,Makkah Housing,7.16,0.0,107.52,0
2026-06-12,EQ-013,Grader,Makkah Housing,1.03,0.0,14.38,0
2026-06-13,EQ-013,Grader,Makkah Housing,10.38,0.0,159.81,0
2026-06-14,EQ-013,Grader,Makkah Housing,7.63,0.0,120.8,0
2026-06-15,EQ-013,Grader,Makkah Housing,5.07,0.0,74.29,0
2026-06-16,EQ-013,Grader,Makkah Housing,7.13,0.0,110.87,0
2026-06-17,EQ-013,Grader,Makkah Housing,6.22,0.0,91.42,0
2026-06-18,EQ-013,Grader,Makkah Housing,6.1,3.21,91.85,0
2026-06-19,EQ-013,Grader,Makkah Housing,0.0,2.19,0.0,0
2026-06-20,EQ-013,Grader,Makkah Housing,6.6,1.57,88.04,0
2026-06-21,EQ-013,Grader,Makkah Housing,7.85,0.0,123.62,0
2026-06-22,EQ-013,Grader,Makkah Housing,8.75,0.0,133.48,0
2026-06-23,EQ-013,Grader,Makkah Housing,5.87,0.0,92.78,0
2026-06-24,EQ-013,Grader,Makkah Housing,4.14,2.99,56.06,0
2026-06-25,EQ-013,Grader,Makkah Housing,7.59,0.0,124.7,0
2026-06-26,EQ-013,Grader,Makkah Housing,0.71,0.0,11.33,0
2026-06-27,EQ-013,Grader,Makkah Housing,5.15,0.0,83.1,0
2026-06-28,EQ-013,Grader,Makkah Housing,7.66,0.0,119.82,0
2026-06-29,EQ-013,Grader,Makkah Housing,4.43,0.0,71.82,0
2026-06-30,EQ-013,Grader,Makkah Housing,7.02,0.0,111.89,0
2026-07-01,EQ-013,Grader,Makkah Housing,8.17,0.0,130.05,0
2026-07-02,EQ-013,Grader,Makkah Housing,8.3,0.0,126.78,0
2026-07-03,EQ-013,Grader,Makkah Housing,0.0,2.88,0.0,0
2026-07-04,EQ-013,Grader,Makkah Housing,6.66,0.0,110.0,0
2026-07-05,EQ-013,Grader,Makkah Housing,6.95,0.0,112.12,0
2026-07-06,EQ-013,Grader,Makkah Housing,6.72,0.0,99.12,0
2026-07-07,EQ-013,Grader,Makkah Housing,8.59,0.0,118.07,0
2026-07-08,EQ-013,Grader,Makkah Housing,7.19,0.0,106.54,0
2026-07-09,EQ-013,Grader,Makkah Housing,7.54,0.0,104.85,0
2026-07-10,EQ-013,Grader,Makkah Housing,0.0,1.7,0.0,0
2026-07-11,EQ-013,Grader,Makkah Housing,7.43,0.0,114.9,0
2026-07-12,EQ-013,Grader,Makkah Housing,6.93,4.81,108.7,1
2026-07-13,EQ-013,Grader,Makkah Housing,4.44,2.61,62.3,0
2026-07-14,EQ-013,Grader,Makkah Housing,8.88,0.0,120.88,0
2026-07-15,EQ-013,Grader,Makkah Housing,5.15,0.0,85.72,0
2026-07-16,EQ-013,Grader,Makkah Housing,6.78,0.0,104.14,0
2026-07-17,EQ-013,Grader,Makkah Housing,1.13,0.0,18.14,0
2026-07-18,EQ-013,Grader,Makkah Housing,6.6,0.0,93.33,0
2026-07-19,EQ-013,Grader,Makkah Housing,7.21,0.0,107.02,0
2026-07-20,EQ-013,Grader,Makkah Housing,7.49,0.0,107.18,0
2026-07-21,EQ-013,Grader,Makkah Housing,8.93,0.0,126.77,0
2026-07-22,EQ-013,Grader,Makkah Housing,7.68,0.0,105.68,0
2026-07-23,EQ-013,Grader,Makkah Housing,3.12,5.12,45.97,0
2026-07-24,EQ-013,Grader,Makkah Housing,0.0,5.17,0.0,0
2026-07-25,EQ-013,Grader,Makkah Housing,7.86,0.0,107.55,0
2026-07-26,EQ-013,Grader,Makkah Housing,1.43,5.37,22.52,0
2026-07-27,EQ-013,Grader,Makkah Housing,3.16,2.41,49.77,0
2026-07-28,EQ-013,Grader,Makkah Housing,4.57,3.38,68.26,0
2026-07-29,EQ-013,Grader,Makkah Housing,0.68,5.59,10.37,0
2026-07-30,EQ-013,Grader,Makkah Housing,4.28,3.39,73.43,0
2026-07-31,EQ-013,Grader,Makkah Housing,1.06,0.0,16.31,0
2026-08-01,EQ-013,Grader,Makkah Housing,9.44,0.0,143.6,0
2026-08-02,EQ-013,Grader,Makkah Housing,6.04,0.0,90.29,0
2026-08-03,EQ-013,Grader,Makkah Housing,8.62,0.0,133.31,0
2026-08-04,EQ-013,Grader,Makkah Housing,6.55,0.0,95.28,0
2026-08-05,EQ-013,Grader,Makkah Housing,6.31,0.0,103.98,0
2026-08-06,EQ-013,Grader,Makkah Housing,2.38,5.79,39.29,0
2026-08-07,EQ-013,Grader,Makkah Housing,0.0,4.2,0.0,0
2026-08-08,EQ-013,Grader,Makkah Housing,7.94,0.0,124.54,0
2026-08-09,EQ-013,Grader,Makkah Housing,4.47,1.61,58.35,0
2026-08-10,EQ-013,Grader,Makkah Housing,8.03,0.0,114.6,0
2026-08-11,EQ-013,Grader,Makkah Housing,2.9,4.52,41.62,0
2026-08-12,EQ-013,Grader,Makkah Housing,5.94,0.0,88.7,0
2026-08-13,EQ-013,Grader,Makkah Housing,9.43,0.0,132.23,0
2026-08-14,EQ-013,Grader,Makkah Housing,1.27,0.0,20.03,0
2026-08-15,EQ-013,Grader,Makkah Housing,8.43,0.0,125.3,0
2026-08-16,EQ-013,Grader,Makkah Housing,6.79,0.0,100.03,0
2026-08-17,EQ-013,Grader,Makkah Housing,8.6,0.0,116.89,0
2026-08-18,EQ-013,Grader,Makkah Housing,5.13,0.0,76.51,0
2026-08-19,EQ-013,Grader,Makkah Housing,6.22,0.0,83.69,0
2026-08-20,EQ-013,Grader,Makkah Housing,2.82,5.89,42.46,0
2026-08-21,EQ-013,Grader,Makkah Housing,1.31,0.0,20.78,0
2026-08-22,EQ-013,Grader,Makkah Housing,2.51,5.35,37.02,0
2026-08-23,EQ-013,Grader,Makkah Housing,9.3,0.0,139.52,0
2026-08-24,EQ-013,Grader,Makkah Housing,4.62,2.4,70.78,0
2026-08-25,EQ-013,Grader,Makkah Housing,6.8,0.0,102.03,0
2026-08-26,EQ-013,Grader,Makkah Housing,3.0,2.68,46.57,0
2026-08-27,EQ-013,Grader,Makkah Housing,1.69,5.95,22.87,0
2026-08-28,EQ-013,Grader,Makkah Housing,0.0,1.76,0.0,0
2026-08-29,EQ-013,Grader,Makkah Housing,2.62,4.48,39.62,0
2026-06-01,EQ-014,Bulldozer,Riyadh Metro Ext.,6.96,0.0,141.85,0
2026-06-02,EQ-014,Bulldozer,Riyadh Metro Ext.,6.04,0.0,143.12,0
2026-06-03,EQ-014,Bulldozer,Riyadh Metro Ext.,7.1,2.02,122.8,0
2026-06-04,EQ-014,Bulldozer,Riyadh Metro Ext.,5.91,0.0,111.73,0
2026-06-05,EQ-014,Bulldozer,Riyadh Metro Ext.,1.0,0.0,18.5,0
2026-06-06,EQ-014,Bulldozer,Riyadh Metro Ext.,6.03,0.0,113.03,0
2026-06-07,EQ-014,Bulldozer,Riyadh Metro Ext.,6.61,0.0,137.05,0
2026-06-08,EQ-014,Bulldozer,Riyadh Metro Ext.,7.22,0.0,150.46,0
2026-06-09,EQ-014,Bulldozer,Riyadh Metro Ext.,7.33,0.0,151.42,0
2026-06-10,EQ-014,Bulldozer,Riyadh Metro Ext.,8.3,0.0,166.97,0
2026-06-11,EQ-014,Bulldozer,Riyadh Metro Ext.,6.56,0.0,138.3,0
2026-06-12,EQ-014,Bulldozer,Riyadh Metro Ext.,1.21,0.0,24.58,0
2026-06-13,EQ-014,Bulldozer,Riyadh Metro Ext.,7.56,0.0,161.0,0
2026-06-14,EQ-014,Bulldozer,Riyadh Metro Ext.,8.59,0.0,188.56,0
2026-06-15,EQ-014,Bulldozer,Riyadh Metro Ext.,7.77,0.0,158.55,0
2026-06-16,EQ-014,Bulldozer,Riyadh Metro Ext.,7.8,0.0,163.58,0
2026-06-17,EQ-014,Bulldozer,Riyadh Metro Ext.,10.91,0.0,219.37,0
2026-06-18,EQ-014,Bulldozer,Riyadh Metro Ext.,5.02,1.95,95.65,0
2026-06-19,EQ-014,Bulldozer,Riyadh Metro Ext.,1.04,0.0,19.69,0
2026-06-20,EQ-014,Bulldozer,Riyadh Metro Ext.,5.45,3.24,130.36,1
2026-06-21,EQ-014,Bulldozer,Riyadh Metro Ext.,5.5,0.0,104.4,0
2026-06-22,EQ-014,Bulldozer,Riyadh Metro Ext.,6.97,2.09,137.65,0
2026-06-23,EQ-014,Bulldozer,Riyadh Metro Ext.,8.41,0.0,162.34,0
2026-06-24,EQ-014,Bulldozer,Riyadh Metro Ext.,7.26,0.0,149.26,0
2026-06-25,EQ-014,Bulldozer,Riyadh Metro Ext.,5.36,0.0,112.81,0
2026-06-26,EQ-014,Bulldozer,Riyadh Metro Ext.,1.18,0.0,23.48,0
2026-06-27,EQ-014,Bulldozer,Riyadh Metro Ext.,8.9,0.0,183.64,0
2026-06-28,EQ-014,Bulldozer,Riyadh Metro Ext.,8.61,0.0,166.96,0
2026-06-29,EQ-014,Bulldozer,Riyadh Metro Ext.,4.04,1.85,86.87,0
2026-06-30,EQ-014,Bulldozer,Riyadh Metro Ext.,6.38,0.0,131.63,0
2026-07-01,EQ-014,Bulldozer,Riyadh Metro Ext.,7.41,0.0,152.19,0
2026-07-02,EQ-014,Bulldozer,Riyadh Metro Ext.,5.28,0.0,115.53,0
2026-07-03,EQ-014,Bulldozer,Riyadh Metro Ext.,1.45,0.0,28.4,0
2026-07-04,EQ-014,Bulldozer,Riyadh Metro Ext.,7.55,0.0,145.81,0
2026-07-05,EQ-014,Bulldozer,Riyadh Metro Ext.,6.93,0.0,134.92,0
2026-07-06,EQ-014,Bulldozer,Riyadh Metro Ext.,8.37,0.0,165.33,0
2026-07-07,EQ-014,Bulldozer,Riyadh Metro Ext.,5.51,0.0,116.64,0
2026-07-08,EQ-014,Bulldozer,Riyadh Metro Ext.,7.44,0.0,141.0,0
2026-07-09,EQ-014,Bulldozer,Riyadh Metro Ext.,7.24,0.0,154.66,0
2026-07-10,EQ-014,Bulldozer,Riyadh Metro Ext.,0.65,0.0,13.19,0
2026-07-11,EQ-014,Bulldozer,Riyadh Metro Ext.,7.38,0.0,150.39,0
2026-07-12,EQ-014,Bulldozer,Riyadh Metro Ext.,7.13,0.0,140.23,0
2026-07-13,EQ-014,Bulldozer,Riyadh Metro Ext.,8.88,0.0,176.79,0
2026-07-14,EQ-014,Bulldozer,Riyadh Metro Ext.,7.72,0.0,151.15,0
2026-07-15,EQ-014,Bulldozer,Riyadh Metro Ext.,8.65,0.0,172.24,0
2026-07-16,EQ-014,Bulldozer,Riyadh Metro Ext.,7.25,0.0,142.35,0
2026-07-17,EQ-014,Bulldozer,Riyadh Metro Ext.,1.28,0.0,26.0,0
2026-07-18,EQ-014,Bulldozer,Riyadh Metro Ext.,6.15,0.0,141.45,0
2026-07-19,EQ-014,Bulldozer,Riyadh Metro Ext.,7.29,0.0,160.33,0
2026-07-20,EQ-014,Bulldozer,Riyadh Metro Ext.,7.84,0.0,155.25,0
2026-07-21,EQ-014,Bulldozer,Riyadh Metro Ext.,7.12,0.0,128.57,0
2026-07-22,EQ-014,Bulldozer,Riyadh Metro Ext.,5.9,4.52,118.72,1
2026-07-23,EQ-014,Bulldozer,Riyadh Metro Ext.,7.39,0.0,156.7,0
2026-07-24,EQ-014,Bulldozer,Riyadh Metro Ext.,0.98,0.0,18.56,0
2026-07-25,EQ-014,Bulldozer,Riyadh Metro Ext.,5.88,0.0,118.26,0
2026-07-26,EQ-014,Bulldozer,Riyadh Metro Ext.,5.25,0.0,105.14,0
2026-07-27,EQ-014,Bulldozer,Riyadh Metro Ext.,7.01,0.0,128.28,0
2026-07-28,EQ-014,Bulldozer,Riyadh Metro Ext.,8.36,0.0,186.36,0
2026-07-29,EQ-014,Bulldozer,Riyadh Metro Ext.,5.44,0.0,112.0,0
2026-07-30,EQ-014,Bulldozer,Riyadh Metro Ext.,9.5,0.0,197.43,0
2026-07-31,EQ-014,Bulldozer,Riyadh Metro Ext.,1.13,0.0,21.79,0
2026-08-01,EQ-014,Bulldozer,Riyadh Metro Ext.,6.05,0.0,124.31,0
2026-08-02,EQ-014,Bulldozer,Riyadh Metro Ext.,6.15,0.0,111.83,0
2026-08-03,EQ-014,Bulldozer,Riyadh Metro Ext.,7.86,0.0,172.58,0
2026-08-04,EQ-014,Bulldozer,Riyadh Metro Ext.,7.89,0.0,149.42,0
2026-08-05,EQ-014,Bulldozer,Riyadh Metro Ext.,7.57,0.0,146.97,0
2026-08-06,EQ-014,Bulldozer,Riyadh Metro Ext.,7.19,0.0,131.48,0
2026-08-07,EQ-014,Bulldozer,Riyadh Metro Ext.,0.87,0.0,16.12,0
2026-08-08,EQ-014,Bulldozer,Riyadh Metro Ext.,8.25,0.0,149.25,0
2026-08-09,EQ-014,Bulldozer,Riyadh Metro Ext.,9.65,0.0,197.32,0
2026-08-10,EQ-014,Bulldozer,Riyadh Metro Ext.,8.27,0.0,147.79,0
2026-08-11,EQ-014,Bulldozer,Riyadh Metro Ext.,7.22,0.0,169.19,0
2026-08-12,EQ-014,Bulldozer,Riyadh Metro Ext.,5.59,0.0,103.58,0
2026-08-13,EQ-014,Bulldozer,Riyadh Metro Ext.,5.7,0.0,133.42,0
2026-08-14,EQ-014,Bulldozer,Riyadh Metro Ext.,1.04,0.0,17.53,0
2026-08-15,EQ-014,Bulldozer,Riyadh Metro Ext.,7.21,0.0,137.57,0
2026-08-16,EQ-014,Bulldozer,Riyadh Metro Ext.,7.77,0.0,158.83,0
2026-08-17,EQ-014,Bulldozer,Riyadh Metro Ext.,7.12,0.0,149.05,0
2026-08-18,EQ-014,Bulldozer,Riyadh Metro Ext.,7.52,0.0,158.61,0
2026-08-19,EQ-014,Bulldozer,Riyadh Metro Ext.,5.79,0.0,109.75,0
2026-08-20,EQ-014,Bulldozer,Riyadh Metro Ext.,6.23,0.0,127.71,0
2026-08-21,EQ-014,Bulldozer,Riyadh Metro Ext.,1.32,0.0,26.84,0
2026-08-22,EQ-014,Bulldozer,Riyadh Metro Ext.,8.94,0.0,179.65,0
2026-08-23,EQ-014,Bulldozer,Riyadh Metro Ext.,9.28,2.37,181.58,1
2026-08-24,EQ-014,Bulldozer,Riyadh Metro Ext.,7.74,0.0,168.15,0
2026-08-25,EQ-014,Bulldozer,Riyadh Metro Ext.,7.44,0.0,128.27,0
2026-08-26,EQ-014,Bulldozer,Riyadh Metro Ext.,7.43,0.0,141.1,0
2026-08-27,EQ-014,Bulldozer,Riyadh Metro Ext.,10.36,0.0,201.3,0
2026-08-28,EQ-014,Bulldozer,Riyadh Metro Ext.,1.13,0.0,21.39,0
2026-08-29,EQ-014,Bulldozer,Riyadh Metro Ext.,8.68,0.0,163.53,0
2026-06-01,EQ-015,Crane,Jeddah Corniche,8.11,0.0,125.6,0
2026-06-02,EQ-015,Crane,Jeddah Corniche,6.21,0.0,92.48,0
2026-06-03,EQ-015,Crane,Jeddah Corniche,5.25,0.0,77.87,0
2026-06-04,EQ-015,Crane,Jeddah Corniche,4.62,0.0,75.19,0
2026-06-05,EQ-015,Crane,Jeddah Corniche,1.28,0.0,20.92,0
2026-06-06,EQ-015,Crane,Jeddah Corniche,6.88,0.0,115.74,0
2026-06-07,EQ-015,Crane,Jeddah Corniche,6.12,1.31,95.42,0
2026-06-08,EQ-015,Crane,Jeddah Corniche,4.86,0.0,74.35,0
2026-06-09,EQ-015,Crane,Jeddah Corniche,5.15,0.0,89.32,0
2026-06-10,EQ-015,Crane,Jeddah Corniche,5.41,0.0,80.3,0
2026-06-11,EQ-015,Crane,Jeddah Corniche,6.13,0.0,102.28,0
2026-06-12,EQ-015,Crane,Jeddah Corniche,0.85,0.0,13.41,0
2026-06-13,EQ-015,Crane,Jeddah Corniche,5.72,0.0,93.15,0
2026-06-14,EQ-015,Crane,Jeddah Corniche,7.57,0.0,140.18,0
2026-06-15,EQ-015,Crane,Jeddah Corniche,8.22,0.0,128.53,0
2026-06-16,EQ-015,Crane,Jeddah Corniche,7.06,0.0,122.25,0
2026-06-17,EQ-015,Crane,Jeddah Corniche,6.93,0.0,116.28,0
2026-06-18,EQ-015,Crane,Jeddah Corniche,8.57,0.0,135.99,0
2026-06-19,EQ-015,Crane,Jeddah Corniche,1.25,0.0,19.5,0
2026-06-20,EQ-015,Crane,Jeddah Corniche,6.51,0.0,106.74,0
2026-06-21,EQ-015,Crane,Jeddah Corniche,4.87,0.0,73.11,0
2026-06-22,EQ-015,Crane,Jeddah Corniche,5.34,0.0,89.27,0
2026-06-23,EQ-015,Crane,Jeddah Corniche,6.3,0.0,92.12,0
2026-06-24,EQ-015,Crane,Jeddah Corniche,5.95,0.0,99.1,0
2026-06-25,EQ-015,Crane,Jeddah Corniche,5.63,0.0,103.95,0
2026-06-26,EQ-015,Crane,Jeddah Corniche,0.97,0.0,15.36,0
2026-06-27,EQ-015,Crane,Jeddah Corniche,5.1,1.51,73.42,0
2026-06-28,EQ-015,Crane,Jeddah Corniche,5.34,0.0,84.53,0
2026-06-29,EQ-015,Crane,Jeddah Corniche,4.55,1.27,77.41,0
2026-06-30,EQ-015,Crane,Jeddah Corniche,4.5,1.88,74.89,0
2026-07-01,EQ-015,Crane,Jeddah Corniche,6.95,0.0,108.2,0
2026-07-02,EQ-015,Crane,Jeddah Corniche,7.54,0.0,125.59,0
2026-07-03,EQ-015,Crane,Jeddah Corniche,0.96,0.0,16.46,0
2026-07-04,EQ-015,Crane,Jeddah Corniche,5.72,0.0,92.64,0
2026-07-05,EQ-015,Crane,Jeddah Corniche,7.0,0.0,111.39,0
2026-07-06,EQ-015,Crane,Jeddah Corniche,6.39,0.0,100.62,0
2026-07-07,EQ-015,Crane,Jeddah Corniche,6.31,0.0,110.99,0
2026-07-08,EQ-015,Crane,Jeddah Corniche,5.04,0.0,65.91,0
2026-07-09,EQ-015,Crane,Jeddah Corniche,5.92,0.0,91.38,0
2026-07-10,EQ-015,Crane,Jeddah Corniche,1.17,0.0,18.89,0
2026-07-11,EQ-015,Crane,Jeddah Corniche,6.06,0.0,96.75,0
2026-07-12,EQ-015,Crane,Jeddah Corniche,5.52,0.0,85.56,0
2026-07-13,EQ-015,Crane,Jeddah Corniche,7.41,0.0,119.0,0
2026-07-14,EQ-015,Crane,Jeddah Corniche,5.58,4.17,92.76,1
2026-07-15,EQ-015,Crane,Jeddah Corniche,7.16,0.0,118.07,0
2026-07-16,EQ-015,Crane,Jeddah Corniche,6.24,0.0,100.98,0
2026-07-17,EQ-015,Crane,Jeddah Corniche,0.83,0.0,13.03,0
2026-07-18,EQ-015,Crane,Jeddah Corniche,7.43,0.0,129.52,0
2026-07-19,EQ-015,Crane,Jeddah Corniche,8.26,0.0,137.37,0
2026-07-20,EQ-015,Crane,Jeddah Corniche,7.17,0.0,119.12,0
2026-07-21,EQ-015,Crane,Jeddah Corniche,5.53,0.0,95.45,0
2026-07-22,EQ-015,Crane,Jeddah Corniche,7.67,0.0,116.41,0
2026-07-23,EQ-015,Crane,Jeddah Corniche,3.27,2.45,53.68,0
2026-07-24,EQ-015,Crane,Jeddah Corniche,0.0,1.17,0.0,0
2026-07-25,EQ-015,Crane,Jeddah Corniche,6.24,0.0,107.01,0
2026-07-26,EQ-015,Crane,Jeddah Corniche,5.58,0.0,88.84,0
2026-07-27,EQ-015,Crane,Jeddah Corniche,3.27,1.96,53.09,0
2026-07-28,EQ-015,Crane,Jeddah Corniche,5.29,0.0,83.76,0
2026-07-29,EQ-015,Crane,Jeddah Corniche,10.64,0.0,165.78,0
2026-07-30,EQ-015,Crane,Jeddah Corniche,8.2,0.0,132.13,0
2026-07-31,EQ-015,Crane,Jeddah Corniche,1.33,0.0,18.75,0
2026-08-01,EQ-015,Crane,Jeddah Corniche,6.02,0.0,98.94,0
2026-08-02,EQ-015,Crane,Jeddah Corniche,5.49,0.0,84.45,0
2026-08-03,EQ-015,Crane,Jeddah Corniche,6.93,0.0,119.11,0
2026-08-04,EQ-015,Crane,Jeddah Corniche,7.05,0.0,102.27,0
2026-08-05,EQ-015,Crane,Jeddah Corniche,7.14,0.0,112.43,0
2026-08-06,EQ-015,Crane,Jeddah Corniche,6.86,0.0,101.96,0
2026-08-07,EQ-015,Crane,Jeddah Corniche,0.96,0.0,16.47,0
2026-08-08,EQ-015,Crane,Jeddah Corniche,7.23,0.0,109.61,0
2026-08-09,EQ-015,Crane,Jeddah Corniche,5.21,0.0,85.83,0
2026-08-10,EQ-015,Crane,Jeddah Corniche,6.9,0.0,104.39,0
2026-08-11,EQ-015,Crane,Jeddah Corniche,6.73,1.21,125.52,0
2026-08-12,EQ-015,Crane,Jeddah Corniche,6.47,0.0,106.34,0
2026-08-13,EQ-015,Crane,Jeddah Corniche,6.06,0.0,111.34,0
2026-08-14,EQ-015,Crane,Jeddah Corniche,1.16,0.0,19.24,0
2026-08-15,EQ-015,Crane,Jeddah Corniche,5.3,0.0,79.74,0
2026-08-16,EQ-015,Crane,Jeddah Corniche,6.84,0.0,93.8,0
2026-08-17,EQ-015,Crane,Jeddah Corniche,6.88,0.0,94.78,0
2026-08-18,EQ-015,Crane,Jeddah Corniche,7.15,0.0,125.51,0
2026-08-19,EQ-015,Crane,Jeddah Corniche,6.19,0.0,105.21,0
2026-08-20,EQ-015,Crane,Jeddah Corniche,7.85,0.0,125.85,0
2026-08-21,EQ-015,Crane,Jeddah Corniche,1.03,0.0,16.31,0
2026-08-22,EQ-015,Crane,Jeddah Corniche,6.36,0.0,110.3,0
2026-08-23,EQ-015,Crane,Jeddah Corniche,7.07,0.0,110.1,0
2026-08-24,EQ-015,Crane,Jeddah Corniche,8.45,0.0,166.11,0
2026-08-25,EQ-015,Crane,Jeddah Corniche,5.07,0.0,83.48,0
2026-08-26,EQ-015,Crane,Jeddah Corniche,6.98,0.0,106.4,0
2026-08-27,EQ-015,Crane,Jeddah Corniche,7.59,0.0,127.36,0
2026-08-28,EQ-015,Crane,Jeddah Corniche,0.8,0.0,13.94,0
2026-08-29,EQ-015,Crane,Jeddah Corniche,6.67,0.55,106.13,0
2026-06-01,EQ-016,Grader,NEOM Site A,7.77,0.0,109.61,0
2026-06-02,EQ-016,Grader,NEOM Site A,5.74,0.0,87.46,0
2026-06-03,EQ-016,Grader,NEOM Site A,6.97,0.0,108.18,0
2026-06-04,EQ-016,Grader,NEOM Site A,4.44,1.81,64.51,0
2026-06-05,EQ-016,Grader,NEOM Site A,1.14,0.0,16.11,0
2026-06-06,EQ-016,Grader,NEOM Site A,8.18,0.0,132.25,0
2026-06-07,EQ-016,Grader,NEOM Site A,8.81,0.0,134.9,0
2026-06-08,EQ-016,Grader,NEOM Site A,8.34,0.0,117.25,0
2026-06-09,EQ-016,Grader,NEOM Site A,8.04,0.0,116.59,0
2026-06-10,EQ-016,Grader,NEOM Site A,6.04,0.0,97.96,0
2026-06-11,EQ-016,Grader,NEOM Site A,6.78,0.0,93.98,0
2026-06-12,EQ-016,Grader,NEOM Site A,1.12,0.0,17.28,0
2026-06-13,EQ-016,Grader,NEOM Site A,4.99,1.54,72.89,0
2026-06-14,EQ-016,Grader,NEOM Site A,5.85,0.0,72.15,0
2026-06-15,EQ-016,Grader,NEOM Site A,7.96,0.0,115.93,0
2026-06-16,EQ-016,Grader,NEOM Site A,9.03,0.0,129.01,0
2026-06-17,EQ-016,Grader,NEOM Site A,6.84,0.0,99.48,0
2026-06-18,EQ-016,Grader,NEOM Site A,5.11,0.0,83.55,0
2026-06-19,EQ-016,Grader,NEOM Site A,1.06,0.0,15.66,0
2026-06-20,EQ-016,Grader,NEOM Site A,6.21,0.0,91.9,0
2026-06-21,EQ-016,Grader,NEOM Site A,6.47,0.0,92.11,0
2026-06-22,EQ-016,Grader,NEOM Site A,6.29,0.0,94.3,0
2026-06-23,EQ-016,Grader,NEOM Site A,7.31,0.0,112.25,0
2026-06-24,EQ-016,Grader,NEOM Site A,4.15,0.0,62.36,0
2026-06-25,EQ-016,Grader,NEOM Site A,6.55,0.5,97.85,0
2026-06-26,EQ-016,Grader,NEOM Site A,1.16,0.0,16.25,0
2026-06-27,EQ-016,Grader,NEOM Site A,10.63,0.0,160.55,0
2026-06-28,EQ-016,Grader,NEOM Site A,5.21,2.09,72.98,1
2026-06-29,EQ-016,Grader,NEOM Site A,8.25,0.0,128.74,0
2026-06-30,EQ-016,Grader,NEOM Site A,4.87,0.0,67.02,0
2026-07-01,EQ-016,Grader,NEOM Site A,8.83,0.0,137.87,0
2026-07-02,EQ-016,Grader,NEOM Site A,4.84,1.13,72.82,0
2026-07-03,EQ-016,Grader,NEOM Site A,1.01,0.0,16.26,0
2026-07-04,EQ-016,Grader,NEOM Site A,6.9,0.0,99.48,0
2026-07-05,EQ-016,Grader,NEOM Site A,7.43,0.0,93.86,0
2026-07-06,EQ-016,Grader,NEOM Site A,7.49,0.0,110.76,0
2026-07-07,EQ-016,Grader,NEOM Site A,5.62,0.0,75.69,0
2026-07-08,EQ-016,Grader,NEOM Site A,5.77,0.0,91.62,0
2026-07-09,EQ-016,Grader,NEOM Site A,6.56,0.0,111.95,0
2026-07-10,EQ-016,Grader,NEOM Site A,1.11,0.0,16.27,0
2026-07-11,EQ-016,Grader,NEOM Site A,6.28,0.0,100.66,0
2026-07-12,EQ-016,Grader,NEOM Site A,7.54,0.0,111.98,0
2026-07-13,EQ-016,Grader,NEOM Site A,7.88,0.0,113.37,0
2026-07-14,EQ-016,Grader,NEOM Site A,5.64,0.0,89.73,0
2026-07-15,EQ-016,Grader,NEOM Site A,4.36,0.0,64.75,0
2026-07-16,EQ-016,Grader,NEOM Site A,6.43,0.0,109.63,0
2026-07-17,EQ-016,Grader,NEOM Site A,1.11,0.0,15.79,0
2026-07-18,EQ-016,Grader,NEOM Site A,7.87,0.0,115.66,0
2026-07-19,EQ-016,Grader,NEOM Site A,7.73,0.0,128.97,0
2026-07-20,EQ-016,Grader,NEOM Site A,7.22,0.0,100.13,0
2026-07-21,EQ-016,Grader,NEOM Site A,5.89,0.0,89.93,0
2026-07-22,EQ-016,Grader,NEOM Site A,7.08,0.0,98.65,0
2026-07-23,EQ-016,Grader,NEOM Site A,5.48,0.0,79.52,0
2026-07-24,EQ-016,Grader,NEOM Site A,0.93,0.0,13.82,0
2026-07-25,EQ-016,Grader,NEOM Site A,8.52,0.0,130.05,0
2026-07-26,EQ-016,Grader,NEOM Site A,6.93,0.0,114.4,0
2026-07-27,EQ-016,Grader,NEOM Site A,6.84,0.0,97.17,0
2026-07-28,EQ-016,Grader,NEOM Site A,6.8,0.0,110.86,0
2026-07-29,EQ-016,Grader,NEOM Site A,7.37,0.0,121.12,0
2026-07-30,EQ-016,Grader,NEOM Site A,8.39,0.0,113.29,0
2026-07-31,EQ-016,Grader,NEOM Site A,0.92,0.0,14.58,0
2026-08-01,EQ-016,Grader,NEOM Site A,7.2,0.0,106.64,0
2026-08-02,EQ-016,Grader,NEOM Site A,5.21,0.0,69.06,0
2026-08-03,EQ-016,Grader,NEOM Site A,7.63,0.0,115.97,0
2026-08-04,EQ-016,Grader,NEOM Site A,8.73,0.56,138.45,0
2026-08-05,EQ-016,Grader,NEOM Site A,5.32,0.0,81.7,0
2026-08-06,EQ-016,Grader,NEOM Site A,4.41,0.0,61.43,0
2026-08-07,EQ-016,Grader,NEOM Site A,0.0,1.87,0.0,0
2026-08-08,EQ-016,Grader,NEOM Site A,8.68,0.0,123.2,0
2026-08-09,EQ-016,Grader,NEOM Site A,6.7,0.0,103.41,0
2026-08-10,EQ-016,Grader,NEOM Site A,7.71,2.82,110.58,1
2026-08-11,EQ-016,Grader,NEOM Site A,6.31,0.0,97.16,0
2026-08-12,EQ-016,Grader,NEOM Site A,5.33,1.61,85.44,0
2026-08-13,EQ-016,Grader,NEOM Site A,7.65,0.0,112.16,0
2026-08-14,EQ-016,Grader,NEOM Site A,1.49,0.0,22.77,0
2026-08-15,EQ-016,Grader,NEOM Site A,4.62,1.48,66.03,0
2026-08-16,EQ-016,Grader,NEOM Site A,7.62,0.0,110.1,0
2026-08-17,EQ-016,Grader,NEOM Site A,7.91,0.0,120.44,0
2026-08-18,EQ-016,Grader,NEOM Site A,6.95,0.0,105.92,0
2026-08-19,EQ-016,Grader,NEOM Site A,7.07,0.0,118.64,0
2026-08-20,EQ-016,Grader,NEOM Site A,5.74,0.0,84.16,0
2026-08-21,EQ-016,Grader,NEOM Site A,1.37,0.0,19.45,0
2026-08-22,EQ-016,Grader,NEOM Site A,5.84,0.0,79.13,0
2026-08-23,EQ-016,Grader,NEOM Site A,6.43,0.0,98.01,0
2026-08-24,EQ-016,Grader,NEOM Site A,6.4,0.0,103.29,0
2026-08-25,EQ-016,Grader,NEOM Site A,5.43,0.0,77.46,0
2026-08-26,EQ-016,Grader,NEOM Site A,8.92,0.0,124.38,0
2026-08-27,EQ-016,Grader,NEOM Site A,5.9,0.0,86.87,0
2026-08-28,EQ-016,Grader,NEOM Site A,1.02,0.0,14.49,0
2026-08-29,EQ-016,Grader,NEOM Site A,7.11,0.0,112.68,0
2026-06-01,EQ-017,Crane,Dammam Port Rd,6.15,0.0,91.17,0
2026-06-02,EQ-017,Crane,Dammam Port Rd,6.84,0.0,109.95,0
2026-06-03,EQ-017,Crane,Dammam Port Rd,7.64,0.0,120.28,0
2026-06-04,EQ-017,Crane,Dammam Port Rd,5.41,1.18,92.09,0
2026-06-05,EQ-017,Crane,Dammam Port Rd,1.0,0.0,14.32,0
2026-06-06,EQ-017,Crane,Dammam Port Rd,6.27,0.0,93.96,0
2026-06-07,EQ-017,Crane,Dammam Port Rd,6.59,0.0,110.48,0
2026-06-08,EQ-017,Crane,Dammam Port Rd,7.41,0.0,103.14,0
2026-06-09,EQ-017,Crane,Dammam Port Rd,5.06,0.0,81.0,0
2026-06-10,EQ-017,Crane,Dammam Port Rd,3.07,0.0,49.61,0
2026-06-11,EQ-017,Crane,Dammam Port Rd,5.15,0.0,78.48,0
2026-06-12,EQ-017,Crane,Dammam Port Rd,0.79,0.0,14.19,0
2026-06-13,EQ-017,Crane,Dammam Port Rd,7.77,0.0,128.38,0
2026-06-14,EQ-017,Crane,Dammam Port Rd,6.8,0.0,113.78,0
2026-06-15,EQ-017,Crane,Dammam Port Rd,4.03,1.06,66.78,0
2026-06-16,EQ-017,Crane,Dammam Port Rd,5.98,0.0,96.84,0
2026-06-17,EQ-017,Crane,Dammam Port Rd,6.5,0.0,97.39,0
2026-06-18,EQ-017,Crane,Dammam Port Rd,6.24,0.0,111.28,0
2026-06-19,EQ-017,Crane,Dammam Port Rd,0.91,0.0,15.58,0
2026-06-20,EQ-017,Crane,Dammam Port Rd,6.06,0.0,80.37,0
2026-06-21,EQ-017,Crane,Dammam Port Rd,5.14,0.0,80.16,0
2026-06-22,EQ-017,Crane,Dammam Port Rd,6.42,0.0,111.93,0
2026-06-23,EQ-017,Crane,Dammam Port Rd,5.24,0.0,86.88,0
2026-06-24,EQ-017,Crane,Dammam Port Rd,7.03,0.0,108.85,0
2026-06-25,EQ-017,Crane,Dammam Port Rd,6.32,0.0,102.74,0
2026-06-26,EQ-017,Crane,Dammam Port Rd,0.77,0.0,12.61,0
2026-06-27,EQ-017,Crane,Dammam Port Rd,6.12,0.0,95.52,0
2026-06-28,EQ-017,Crane,Dammam Port Rd,5.66,0.0,102.45,0
2026-06-29,EQ-017,Crane,Dammam Port Rd,6.01,0.0,95.82,0
2026-06-30,EQ-017,Crane,Dammam Port Rd,5.78,0.0,93.75,0
2026-07-01,EQ-017,Crane,Dammam Port Rd,3.01,1.17,46.72,0
2026-07-02,EQ-017,Crane,Dammam Port Rd,5.25,0.0,81.51,0
2026-07-03,EQ-017,Crane,Dammam Port Rd,0.67,0.0,12.01,0
2026-07-04,EQ-017,Crane,Dammam Port Rd,2.44,0.0,46.46,0
2026-07-05,EQ-017,Crane,Dammam Port Rd,4.81,0.76,77.37,0
2026-07-06,EQ-017,Crane,Dammam Port Rd,5.76,0.0,94.7,0
2026-07-07,EQ-017,Crane,Dammam Port Rd,3.87,0.57,57.51,0
2026-07-08,EQ-017,Crane,Dammam Port Rd,3.31,0.0,49.57,0
2026-07-09,EQ-017,Crane,Dammam Port Rd,3.8,0.0,55.67,0
2026-07-10,EQ-017,Crane,Dammam Port Rd,0.3,0.0,4.68,0
2026-07-11,EQ-017,Crane,Dammam Port Rd,4.23,0.0,64.83,0
2026-07-12,EQ-017,Crane,Dammam Port Rd,5.49,0.0,87.6,0
2026-07-13,EQ-017,Crane,Dammam Port Rd,3.96,0.0,59.94,0
2026-07-14,EQ-017,Crane,Dammam Port Rd,4.78,0.0,71.46,0
2026-07-15,EQ-017,Crane,Dammam Port Rd,5.43,0.0,84.22,0
2026-07-16,EQ-017,Crane,Dammam Port Rd,3.28,1.39,52.72,0
2026-07-17,EQ-017,Crane,Dammam Port Rd,0.6,0.0,8.49,0
2026-07-18,EQ-017,Crane,Dammam Port Rd,4.17,4.99,63.44,1
2026-07-19,EQ-017,Crane,Dammam Port Rd,5.14,0.0,86.86,0
2026-07-20,EQ-017,Crane,Dammam Port Rd,5.87,0.0,77.13,0
2026-07-21,EQ-017,Crane,Dammam Port Rd,3.98,0.0,64.3,0
2026-07-22,EQ-017,Crane,Dammam Port Rd,4.51,0.0,74.06,0
2026-07-23,EQ-017,Crane,Dammam Port Rd,4.87,0.0,71.99,0
2026-07-24,EQ-017,Crane,Dammam Port Rd,0.82,0.0,12.52,0
2026-07-25,EQ-017,Crane,Dammam Port Rd,2.26,1.43,32.88,0
2026-07-26,EQ-017,Crane,Dammam Port Rd,2.98,0.0,45.65,0
2026-07-27,EQ-017,Crane,Dammam Port Rd,4.91,0.0,79.95,0
2026-07-28,EQ-017,Crane,Dammam Port Rd,3.48,0.0,57.04,0
2026-07-29,EQ-017,Crane,Dammam Port Rd,3.54,0.97,56.69,0
2026-07-30,EQ-017,Crane,Dammam Port Rd,4.52,0.0,63.15,0
2026-07-31,EQ-017,Crane,Dammam Port Rd,0.61,0.0,10.22,0
2026-08-01,EQ-017,Crane,Dammam Port Rd,4.16,0.0,62.76,0
2026-08-02,EQ-017,Crane,Dammam Port Rd,4.2,0.0,64.59,0
2026-08-03,EQ-017,Crane,Dammam Port Rd,4.54,0.0,69.71,0
2026-08-04,EQ-017,Crane,Dammam Port Rd,4.85,0.0,75.69,0
2026-08-05,EQ-017,Crane,Dammam Port Rd,3.13,0.75,46.94,0
2026-08-06,EQ-017,Crane,Dammam Port Rd,3.61,0.0,58.69,0
2026-08-07,EQ-017,Crane,Dammam Port Rd,0.65,0.0,9.66,0
2026-08-08,EQ-017,Crane,Dammam Port Rd,3.77,0.0,59.6,0
2026-08-09,EQ-017,Crane,Dammam Port Rd,3.32,0.0,44.8,0
2026-08-10,EQ-017,Crane,Dammam Port Rd,3.22,0.0,48.67,0
2026-08-11,EQ-017,Crane,Dammam Port Rd,3.99,0.0,63.66,0
2026-08-12,EQ-017,Crane,Dammam Port Rd,3.21,0.0,51.0,0
2026-08-13,EQ-017,Crane,Dammam Port Rd,3.29,0.0,53.54,0
2026-08-14,EQ-017,Crane,Dammam Port Rd,0.56,0.0,8.34,0
2026-08-15,EQ-017,Crane,Dammam Port Rd,2.2,0.0,35.83,0
2026-08-16,EQ-017,Crane,Dammam Port Rd,3.51,0.0,63.1,0
2026-08-17,EQ-017,Crane,Dammam Port Rd,2.81,0.0,47.61,0
2026-08-18,EQ-017,Crane,Dammam Port Rd,2.55,0.0,41.34,0
2026-08-19,EQ-017,Crane,Dammam Port Rd,4.7,0.0,83.65,0
2026-08-20,EQ-017,Crane,Dammam Port Rd,3.71,0.0,55.23,0
2026-08-21,EQ-017,Crane,Dammam Port Rd,0.54,0.0,9.54,0
2026-08-22,EQ-017,Crane,Dammam Port Rd,3.06,0.0,55.18,0
2026-08-23,EQ-017,Crane,Dammam Port Rd,2.72,0.0,42.81,0
2026-08-24,EQ-017,Crane,Dammam Port Rd,3.24,0.0,47.06,0
2026-08-25,EQ-017,Crane,Dammam Port Rd,2.78,0.0,43.39,0
2026-08-26,EQ-017,Crane,Dammam Port Rd,3.4,0.0,55.62,0
2026-08-27,EQ-017,Crane,Dammam Port Rd,2.76,0.0,40.14,0
2026-08-28,EQ-017,Crane,Dammam Port Rd,0.4,0.0,6.72,0
2026-08-29,EQ-017,Crane,Dammam Port Rd,1.8,0.0,30.3,0
2026-06-01,EQ-018,Wheel Loader,Jeddah Corniche,7.88,0.0,103.58,0
2026-06-02,EQ-018,Wheel Loader,Jeddah Corniche,8.42,0.0,121.61,0
2026-06-03,EQ-018,Wheel Loader,Jeddah Corniche,7.46,0.0,104.67,0
2026-06-04,EQ-018,Wheel Loader,Jeddah Corniche,8.65,0.0,129.37,0
2026-06-05,EQ-018,Wheel Loader,Jeddah Corniche,1.12,0.0,17.8,0
2026-06-06,EQ-018,Wheel Loader,Jeddah Corniche,7.27,0.0,101.37,0
2026-06-07,EQ-018,Wheel Loader,Jeddah Corniche,8.08,0.0,112.99,0
2026-06-08,EQ-018,Wheel Loader,Jeddah Corniche,7.95,0.0,92.96,0
2026-06-09,EQ-018,Wheel Loader,Jeddah Corniche,10.26,0.0,149.44,0
2026-06-10,EQ-018,Wheel Loader,Jeddah Corniche,4.66,1.69,71.89,0
2026-06-11,EQ-018,Wheel Loader,Jeddah Corniche,7.3,0.0,97.51,0
2026-06-12,EQ-018,Wheel Loader,Jeddah Corniche,1.12,0.0,17.07,0
2026-06-13,EQ-018,Wheel Loader,Jeddah Corniche,5.73,0.0,69.31,0
2026-06-14,EQ-018,Wheel Loader,Jeddah Corniche,6.69,0.0,83.14,0
2026-06-15,EQ-018,Wheel Loader,Jeddah Corniche,7.12,0.0,92.56,0
2026-06-16,EQ-018,Wheel Loader,Jeddah Corniche,9.44,0.0,133.9,0
2026-06-17,EQ-018,Wheel Loader,Jeddah Corniche,6.8,0.0,87.57,0
2026-06-18,EQ-018,Wheel Loader,Jeddah Corniche,7.95,0.0,118.3,0
2026-06-19,EQ-018,Wheel Loader,Jeddah Corniche,1.31,0.0,18.42,0
2026-06-20,EQ-018,Wheel Loader,Jeddah Corniche,7.61,0.0,121.8,0
2026-06-21,EQ-018,Wheel Loader,Jeddah Corniche,5.89,0.0,89.39,0
2026-06-22,EQ-018,Wheel Loader,Jeddah Corniche,6.24,0.0,84.14,0
2026-06-23,EQ-018,Wheel Loader,Jeddah Corniche,7.73,0.0,112.76,0
2026-06-24,EQ-018,Wheel Loader,Jeddah Corniche,8.8,0.0,115.69,0
2026-06-25,EQ-018,Wheel Loader,Jeddah Corniche,8.1,0.0,110.81,0
2026-06-26,EQ-018,Wheel Loader,Jeddah Corniche,0.0,2.21,0.0,0
2026-06-27,EQ-018,Wheel Loader,Jeddah Corniche,6.38,0.0,82.78,0
2026-06-28,EQ-018,Wheel Loader,Jeddah Corniche,7.47,0.0,108.77,0
2026-06-29,EQ-018,Wheel Loader,Jeddah Corniche,8.63,4.3,116.21,1
2026-06-30,EQ-018,Wheel Loader,Jeddah Corniche,5.87,1.38,80.13,0
2026-07-01,EQ-018,Wheel Loader,Jeddah Corniche,8.27,0.0,114.4,0
2026-07-02,EQ-018,Wheel Loader,Jeddah Corniche,9.42,0.0,118.27,0
2026-07-03,EQ-018,Wheel Loader,Jeddah Corniche,1.0,0.0,13.18,0
2026-07-04,EQ-018,Wheel Loader,Jeddah Corniche,7.89,0.0,120.19,0
2026-07-05,EQ-018,Wheel Loader,Jeddah Corniche,8.37,0.0,100.1,0
2026-07-06,EQ-018,Wheel Loader,Jeddah Corniche,8.08,0.0,114.64,0
2026-07-07,EQ-018,Wheel Loader,Jeddah Corniche,10.53,0.0,155.48,0
2026-07-08,EQ-018,Wheel Loader,Jeddah Corniche,6.33,0.51,83.82,0
2026-07-09,EQ-018,Wheel Loader,Jeddah Corniche,8.6,0.0,111.23,0
2026-07-10,EQ-018,Wheel Loader,Jeddah Corniche,1.42,0.0,17.42,0
2026-07-11,EQ-018,Wheel Loader,Jeddah Corniche,7.94,0.0,118.71,0
2026-07-12,EQ-018,Wheel Loader,Jeddah Corniche,7.6,0.0,107.72,0
2026-07-13,EQ-018,Wheel Loader,Jeddah Corniche,6.42,0.0,96.97,0
2026-07-14,EQ-018,Wheel Loader,Jeddah Corniche,9.44,0.0,145.92,0
2026-07-15,EQ-018,Wheel Loader,Jeddah Corniche,9.27,0.0,121.47,0
2026-07-16,EQ-018,Wheel Loader,Jeddah Corniche,10.08,0.0,137.28,0
2026-07-17,EQ-018,Wheel Loader,Jeddah Corniche,1.08,0.0,13.35,0
2026-07-18,EQ-018,Wheel Loader,Jeddah Corniche,8.84,0.0,126.97,0
2026-07-19,EQ-018,Wheel Loader,Jeddah Corniche,7.37,0.0,97.77,0
2026-07-20,EQ-018,Wheel Loader,Jeddah Corniche,7.81,0.0,119.89,0
2026-07-21,EQ-018,Wheel Loader,Jeddah Corniche,8.43,0.0,124.93,0
2026-07-22,EQ-018,Wheel Loader,Jeddah Corniche,9.36,0.0,130.27,0
2026-07-23,EQ-018,Wheel Loader,Jeddah Corniche,5.81,0.0,93.16,0
2026-07-24,EQ-018,Wheel Loader,Jeddah Corniche,1.21,0.0,17.73,0
2026-07-25,EQ-018,Wheel Loader,Jeddah Corniche,6.92,0.0,101.06,0
2026-07-26,EQ-018,Wheel Loader,Jeddah Corniche,8.31,0.0,110.99,0
2026-07-27,EQ-018,Wheel Loader,Jeddah Corniche,8.15,0.0,105.25,0
2026-07-28,EQ-018,Wheel Loader,Jeddah Corniche,7.6,0.0,105.09,0
2026-07-29,EQ-018,Wheel Loader,Jeddah Corniche,6.3,0.0,71.33,0
2026-07-30,EQ-018,Wheel Loader,Jeddah Corniche,7.46,0.0,105.59,0
2026-07-31,EQ-018,Wheel Loader,Jeddah Corniche,1.3,0.0,17.31,0
2026-08-01,EQ-018,Wheel Loader,Jeddah Corniche,6.98,1.73,110.64,0
2026-08-02,EQ-018,Wheel Loader,Jeddah Corniche,6.27,0.0,90.23,0
2026-08-03,EQ-018,Wheel Loader,Jeddah Corniche,8.33,0.0,123.38,0
2026-08-04,EQ-018,Wheel Loader,Jeddah Corniche,6.13,2.35,82.4,1
2026-08-05,EQ-018,Wheel Loader,Jeddah Corniche,8.51,0.0,116.34,0
2026-08-06,EQ-018,Wheel Loader,Jeddah Corniche,8.94,0.0,117.3,0
2026-08-07,EQ-018,Wheel Loader,Jeddah Corniche,1.15,0.0,15.36,0
2026-08-08,EQ-018,Wheel Loader,Jeddah Corniche,7.14,1.38,88.34,0
2026-08-09,EQ-018,Wheel Loader,Jeddah Corniche,8.51,0.0,121.65,0
2026-08-10,EQ-018,Wheel Loader,Jeddah Corniche,8.94,0.0,112.76,0
2026-08-11,EQ-018,Wheel Loader,Jeddah Corniche,9.43,0.58,123.38,0
2026-08-12,EQ-018,Wheel Loader,Jeddah Corniche,7.39,0.0,109.82,0
2026-08-13,EQ-018,Wheel Loader,Jeddah Corniche,7.07,0.0,96.18,0
2026-08-14,EQ-018,Wheel Loader,Jeddah Corniche,1.01,0.0,11.57,0
2026-08-15,EQ-018,Wheel Loader,Jeddah Corniche,7.86,0.0,116.32,0
2026-08-16,EQ-018,Wheel Loader,Jeddah Corniche,5.74,0.0,84.92,0
2026-08-17,EQ-018,Wheel Loader,Jeddah Corniche,8.35,1.15,104.9,0
2026-08-18,EQ-018,Wheel Loader,Jeddah Corniche,8.86,0.0,109.65,0
2026-08-19,EQ-018,Wheel Loader,Jeddah Corniche,6.65,0.0,87.74,0
2026-08-20,EQ-018,Wheel Loader,Jeddah Corniche,8.45,0.0,100.7,0
2026-08-21,EQ-018,Wheel Loader,Jeddah Corniche,1.45,0.0,18.83,0
2026-08-22,EQ-018,Wheel Loader,Jeddah Corniche,6.74,0.0,101.11,0
2026-08-23,EQ-018,Wheel Loader,Jeddah Corniche,8.5,0.0,128.17,0
2026-08-24,EQ-018,Wheel Loader,Jeddah Corniche,5.61,1.51,77.11,0
2026-08-25,EQ-018,Wheel Loader,Jeddah Corniche,7.53,0.0,105.71,0
2026-08-26,EQ-018,Wheel Loader,Jeddah Corniche,4.51,2.23,62.17,0
2026-08-27,EQ-018,Wheel Loader,Jeddah Corniche,7.65,0.0,91.16,0
2026-08-28,EQ-018,Wheel Loader,Jeddah Corniche,1.36,0.0,20.67,0
2026-08-29,EQ-018,Wheel Loader,Jeddah Corniche,7.43,0.0,117.89,0
2026-06-01,EQ-019,Dump Truck,Riyadh Metro Ext.,10.49,0.0,237.41,0
2026-06-02,EQ-019,Dump Truck,Riyadh Metro Ext.,9.08,0.0,190.26,0
2026-06-03,EQ-019,Dump Truck,Riyadh Metro Ext.,7.82,0.0,173.22,0
2026-06-04,EQ-019,Dump Truck,Riyadh Metro Ext.,8.74,0.0,209.72,0
2026-06-05,EQ-019,Dump Truck,Riyadh Metro Ext.,1.17,0.0,23.24,0
2026-06-06,EQ-019,Dump Truck,Riyadh Metro Ext.,11.44,0.0,260.05,0
2026-06-07,EQ-019,Dump Truck,Riyadh Metro Ext.,7.39,0.0,168.42,0
2026-06-08,EQ-019,Dump Truck,Riyadh Metro Ext.,8.7,0.0,222.29,0
2026-06-09,EQ-019,Dump Truck,Riyadh Metro Ext.,7.86,0.0,162.37,0
2026-06-10,EQ-019,Dump Truck,Riyadh Metro Ext.,10.93,0.0,238.12,0
2026-06-11,EQ-019,Dump Truck,Riyadh Metro Ext.,9.04,0.0,211.36,0
2026-06-12,EQ-019,Dump Truck,Riyadh Metro Ext.,1.28,0.0,29.4,0
2026-06-13,EQ-019,Dump Truck,Riyadh Metro Ext.,8.77,0.0,193.18,0
2026-06-14,EQ-019,Dump Truck,Riyadh Metro Ext.,9.95,0.0,227.97,0
2026-06-15,EQ-019,Dump Truck,Riyadh Metro Ext.,9.96,0.0,208.35,0
2026-06-16,EQ-019,Dump Truck,Riyadh Metro Ext.,9.78,0.0,193.83,0
2026-06-17,EQ-019,Dump Truck,Riyadh Metro Ext.,8.61,0.0,182.57,0
2026-06-18,EQ-019,Dump Truck,Riyadh Metro Ext.,10.78,0.0,259.91,0
2026-06-19,EQ-019,Dump Truck,Riyadh Metro Ext.,1.4,0.0,28.73,0
2026-06-20,EQ-019,Dump Truck,Riyadh Metro Ext.,9.01,0.0,179.34,0
2026-06-21,EQ-019,Dump Truck,Riyadh Metro Ext.,8.35,0.0,189.08,0
2026-06-22,EQ-019,Dump Truck,Riyadh Metro Ext.,9.55,0.0,217.08,0
2026-06-23,EQ-019,Dump Truck,Riyadh Metro Ext.,8.78,0.0,186.64,0
2026-06-24,EQ-019,Dump Truck,Riyadh Metro Ext.,10.29,0.0,228.27,0
2026-06-25,EQ-019,Dump Truck,Riyadh Metro Ext.,10.9,0.0,239.89,0
2026-06-26,EQ-019,Dump Truck,Riyadh Metro Ext.,1.12,0.0,24.39,0
2026-06-27,EQ-019,Dump Truck,Riyadh Metro Ext.,9.06,0.0,208.46,0
2026-06-28,EQ-019,Dump Truck,Riyadh Metro Ext.,7.95,0.0,180.94,0
2026-06-29,EQ-019,Dump Truck,Riyadh Metro Ext.,8.25,2.6,180.85,1
2026-06-30,EQ-019,Dump Truck,Riyadh Metro Ext.,10.94,0.0,225.42,0
2026-07-01,EQ-019,Dump Truck,Riyadh Metro Ext.,8.16,0.0,165.74,0
2026-07-02,EQ-019,Dump Truck,Riyadh Metro Ext.,10.22,0.0,236.26,0
2026-07-03,EQ-019,Dump Truck,Riyadh Metro Ext.,1.33,0.0,27.37,0
2026-07-04,EQ-019,Dump Truck,Riyadh Metro Ext.,11.47,0.0,289.75,0
2026-07-05,EQ-019,Dump Truck,Riyadh Metro Ext.,10.67,0.0,223.84,0
2026-07-06,EQ-019,Dump Truck,Riyadh Metro Ext.,6.43,1.76,171.2,0
2026-07-07,EQ-019,Dump Truck,Riyadh Metro Ext.,7.71,0.0,176.88,0
2026-07-08,EQ-019,Dump Truck,Riyadh Metro Ext.,9.0,0.0,183.48,0
2026-07-09,EQ-019,Dump Truck,Riyadh Metro Ext.,6.79,2.34,155.39,0
2026-07-10,EQ-019,Dump Truck,Riyadh Metro Ext.,1.6,0.0,35.47,0
2026-07-11,EQ-019,Dump Truck,Riyadh Metro Ext.,6.8,0.79,152.32,0
2026-07-12,EQ-019,Dump Truck,Riyadh Metro Ext.,8.43,0.0,169.95,0
2026-07-13,EQ-019,Dump Truck,Riyadh Metro Ext.,7.02,0.0,138.52,0
2026-07-14,EQ-019,Dump Truck,Riyadh Metro Ext.,7.8,0.0,155.54,0
2026-07-15,EQ-019,Dump Truck,Riyadh Metro Ext.,9.46,0.0,200.02,0
2026-07-16,EQ-019,Dump Truck,Riyadh Metro Ext.,8.48,0.0,177.14,0
2026-07-17,EQ-019,Dump Truck,Riyadh Metro Ext.,1.21,0.0,28.25,0
2026-07-18,EQ-019,Dump Truck,Riyadh Metro Ext.,7.78,1.95,187.26,0
2026-07-19,EQ-019,Dump Truck,Riyadh Metro Ext.,9.47,0.0,214.0,0
2026-07-20,EQ-019,Dump Truck,Riyadh Metro Ext.,9.06,0.0,204.41,0
2026-07-21,EQ-019,Dump Truck,Riyadh Metro Ext.,8.63,0.0,168.7,0
2026-07-22,EQ-019,Dump Truck,Riyadh Metro Ext.,8.35,0.0,175.65,0
2026-07-23,EQ-019,Dump Truck,Riyadh Metro Ext.,7.93,0.78,165.45,0
2026-07-24,EQ-019,Dump Truck,Riyadh Metro Ext.,1.32,0.0,27.55,0
2026-07-25,EQ-019,Dump Truck,Riyadh Metro Ext.,9.95,0.0,234.98,0
2026-07-26,EQ-019,Dump Truck,Riyadh Metro Ext.,9.17,0.0,198.46,0
2026-07-27,EQ-019,Dump Truck,Riyadh Metro Ext.,10.27,0.0,211.99,0
2026-07-28,EQ-019,Dump Truck,Riyadh Metro Ext.,8.88,0.0,218.83,0
2026-07-29,EQ-019,Dump Truck,Riyadh Metro Ext.,10.77,0.0,216.19,0
2026-07-30,EQ-019,Dump Truck,Riyadh Metro Ext.,9.58,0.0,188.91,0
2026-07-31,EQ-019,Dump Truck,Riyadh Metro Ext.,1.39,0.0,32.59,0
2026-08-01,EQ-019,Dump Truck,Riyadh Metro Ext.,9.6,0.0,196.57,0
2026-08-02,EQ-019,Dump Truck,Riyadh Metro Ext.,8.87,0.0,167.85,0
2026-08-03,EQ-019,Dump Truck,Riyadh Metro Ext.,9.89,0.0,230.84,0
2026-08-04,EQ-019,Dump Truck,Riyadh Metro Ext.,10.33,0.0,236.65,0
2026-08-05,EQ-019,Dump Truck,Riyadh Metro Ext.,8.21,0.0,182.1,0
2026-08-06,EQ-019,Dump Truck,Riyadh Metro Ext.,8.43,3.06,211.23,1
2026-08-07,EQ-019,Dump Truck,Riyadh Metro Ext.,1.42,0.0,33.2,0
2026-08-08,EQ-019,Dump Truck,Riyadh Metro Ext.,9.36,0.0,192.26,0
2026-08-09,EQ-019,Dump Truck,Riyadh Metro Ext.,8.08,0.0,199.83,0
2026-08-10,EQ-019,Dump Truck,Riyadh Metro Ext.,9.58,0.0,215.68,0
2026-08-11,EQ-019,Dump Truck,Riyadh Metro Ext.,11.91,0.0,288.9,0
2026-08-12,EQ-019,Dump Truck,Riyadh Metro Ext.,5.75,2.36,129.94,0
2026-08-13,EQ-019,Dump Truck,Riyadh Metro Ext.,8.08,0.0,190.07,0
2026-08-14,EQ-019,Dump Truck,Riyadh Metro Ext.,1.56,0.0,38.76,0
2026-08-15,EQ-019,Dump Truck,Riyadh Metro Ext.,9.16,0.0,220.61,0
2026-08-16,EQ-019,Dump Truck,Riyadh Metro Ext.,9.86,0.0,201.14,0
2026-08-17,EQ-019,Dump Truck,Riyadh Metro Ext.,9.59,0.0,210.6,0
2026-08-18,EQ-019,Dump Truck,Riyadh Metro Ext.,10.29,0.0,247.38,0
2026-08-19,EQ-019,Dump Truck,Riyadh Metro Ext.,6.68,0.0,154.16,0
2026-08-20,EQ-019,Dump Truck,Riyadh Metro Ext.,7.17,0.0,148.42,0
2026-08-21,EQ-019,Dump Truck,Riyadh Metro Ext.,1.35,0.0,34.0,0
2026-08-22,EQ-019,Dump Truck,Riyadh Metro Ext.,8.02,0.0,183.41,0
2026-08-23,EQ-019,Dump Truck,Riyadh Metro Ext.,9.47,0.0,212.66,0
2026-08-24,EQ-019,Dump Truck,Riyadh Metro Ext.,11.03,0.0,224.55,0
2026-08-25,EQ-019,Dump Truck,Riyadh Metro Ext.,9.95,0.0,223.84,0
2026-08-26,EQ-019,Dump Truck,Riyadh Metro Ext.,10.36,0.0,231.07,0
2026-08-27,EQ-019,Dump Truck,Riyadh Metro Ext.,9.15,0.0,200.07,0
2026-08-28,EQ-019,Dump Truck,Riyadh Metro Ext.,1.23,0.0,29.77,0
2026-08-29,EQ-019,Dump Truck,Riyadh Metro Ext.,9.61,0.0,202.96,0
2026-06-01,EQ-020,Excavator,Dammam Port Rd,8.86,0.0,150.17,0
2026-06-02,EQ-020,Excavator,Dammam Port Rd,8.44,0.0,131.29,0
2026-06-03,EQ-020,Excavator,Dammam Port Rd,8.32,0.0,148.33,0
2026-06-04,EQ-020,Excavator,Dammam Port Rd,7.74,0.0,158.08,0
2026-06-05,EQ-020,Excavator,Dammam Port Rd,1.18,0.0,24.29,0
2026-06-06,EQ-020,Excavator,Dammam Port Rd,7.58,0.0,136.47,0
2026-06-07,EQ-020,Excavator,Dammam Port Rd,10.21,0.0,187.78,0
2026-06-08,EQ-020,Excavator,Dammam Port Rd,8.03,0.0,145.28,0
2026-06-09,EQ-020,Excavator,Dammam Port Rd,9.07,0.0,159.57,0
2026-06-10,EQ-020,Excavator,Dammam Port Rd,7.71,0.0,150.63,0
2026-06-11,EQ-020,Excavator,Dammam Port Rd,7.19,0.0,132.79,0
2026-06-12,EQ-020,Excavator,Dammam Port Rd,1.44,0.0,23.59,0
2026-06-13,EQ-020,Excavator,Dammam Port Rd,7.53,0.0,132.97,0
2026-06-14,EQ-020,Excavator,Dammam Port Rd,9.52,0.0,151.97,0
2026-06-15,EQ-020,Excavator,Dammam Port Rd,6.81,0.0,127.82,0
2026-06-16,EQ-020,Excavator,Dammam Port Rd,8.12,0.0,152.19,0
2026-06-17,EQ-020,Excavator,Dammam Port Rd,8.85,0.0,172.62,0
2026-06-18,EQ-020,Excavator,Dammam Port Rd,7.2,0.0,117.67,0
2026-06-19,EQ-020,Excavator,Dammam Port Rd,1.12,0.0,21.85,0
2026-06-20,EQ-020,Excavator,Dammam Port Rd,3.34,2.42,62.22,0
2026-06-21,EQ-020,Excavator,Dammam Port Rd,8.17,0.0,141.64,0
2026-06-22,EQ-020,Excavator,Dammam Port Rd,8.27,0.0,131.69,0
2026-06-23,EQ-020,Excavator,Dammam Port Rd,7.88,0.0,139.28,0
2026-06-24,EQ-020,Excavator,Dammam Port Rd,5.97,0.0,98.38,0
2026-06-25,EQ-020,Excavator,Dammam Port Rd,6.96,0.0,131.56,0
2026-06-26,EQ-020,Excavator,Dammam Port Rd,0.97,0.0,17.55,0
2026-06-27,EQ-020,Excavator,Dammam Port Rd,8.03,0.0,129.21,0
2026-06-28,EQ-020,Excavator,Dammam Port Rd,7.28,0.0,140.39,0
2026-06-29,EQ-020,Excavator,Dammam Port Rd,6.0,0.0,103.5,0
2026-06-30,EQ-020,Excavator,Dammam Port Rd,6.78,0.0,126.23,0
2026-07-01,EQ-020,Excavator,Dammam Port Rd,6.79,2.38,128.53,1
2026-07-02,EQ-020,Excavator,Dammam Port Rd,7.85,0.0,125.44,0
2026-07-03,EQ-020,Excavator,Dammam Port Rd,1.0,0.0,18.17,0
2026-07-04,EQ-020,Excavator,Dammam Port Rd,6.44,0.0,130.25,0
2026-07-05,EQ-020,Excavator,Dammam Port Rd,5.62,0.0,105.16,0
2026-07-06,EQ-020,Excavator,Dammam Port Rd,4.81,0.0,90.35,0
2026-07-07,EQ-020,Excavator,Dammam Port Rd,7.28,0.0,129.56,0
2026-07-08,EQ-020,Excavator,Dammam Port Rd,5.44,0.0,91.27,0
2026-07-09,EQ-020,Excavator,Dammam Port Rd,6.78,0.0,134.7,0
2026-07-10,EQ-020,Excavator,Dammam Port Rd,0.0,2.29,0.0,0
2026-07-11,EQ-020,Excavator,Dammam Port Rd,6.65,0.0,121.96,0
2026-07-12,EQ-020,Excavator,Dammam Port Rd,5.25,0.0,98.73,0
2026-07-13,EQ-020,Excavator,Dammam Port Rd,6.89,0.0,129.77,0
2026-07-14,EQ-020,Excavator,Dammam Port Rd,5.61,0.0,110.94,0
2026-07-15,EQ-020,Excavator,Dammam Port Rd,6.69,0.0,136.54,0
2026-07-16,EQ-020,Excavator,Dammam Port Rd,5.36,0.0,91.58,0
2026-07-17,EQ-020,Excavator,Dammam Port Rd,0.85,0.0,15.12,0
2026-07-18,EQ-020,Excavator,Dammam Port Rd,5.39,0.0,99.38,0
2026-07-19,EQ-020,Excavator,Dammam Port Rd,5.29,0.0,100.04,0
2026-07-20,EQ-020,Excavator,Dammam Port Rd,5.1,0.0,77.54,0
2026-07-21,EQ-020,Excavator,Dammam Port Rd,4.79,0.0,86.74,0
2026-07-22,EQ-020,Excavator,Dammam Port Rd,3.24,1.63,58.94,0
2026-07-23,EQ-020,Excavator,Dammam Port Rd,5.89,0.0,106.06,0
2026-07-24,EQ-020,Excavator,Dammam Port Rd,0.65,0.0,11.28,0
2026-07-25,EQ-020,Excavator,Dammam Port Rd,5.13,0.0,101.56,0
2026-07-26,EQ-020,Excavator,Dammam Port Rd,6.0,0.0,113.14,0
2026-07-27,EQ-020,Excavator,Dammam Port Rd,5.81,0.0,110.76,0
2026-07-28,EQ-020,Excavator,Dammam Port Rd,5.15,0.0,95.67,0
2026-07-29,EQ-020,Excavator,Dammam Port Rd,5.37,0.0,96.46,0
2026-07-30,EQ-020,Excavator,Dammam Port Rd,4.63,0.0,83.14,0
2026-07-31,EQ-020,Excavator,Dammam Port Rd,0.78,0.0,12.95,0
2026-08-01,EQ-020,Excavator,Dammam Port Rd,4.41,0.0,82.45,0
2026-08-02,EQ-020,Excavator,Dammam Port Rd,4.13,0.0,76.33,0
2026-08-03,EQ-020,Excavator,Dammam Port Rd,5.35,0.0,95.85,0
2026-08-04,EQ-020,Excavator,Dammam Port Rd,6.02,0.0,115.9,0
2026-08-05,EQ-020,Excavator,Dammam Port Rd,5.05,0.0,95.4,0
2026-08-06,EQ-020,Excavator,Dammam Port Rd,3.76,0.89,66.92,0
2026-08-07,EQ-020,Excavator,Dammam Port Rd,0.72,0.0,13.44,0
2026-08-08,EQ-020,Excavator,Dammam Port Rd,4.27,0.0,85.54,0
2026-08-09,EQ-020,Excavator,Dammam Port Rd,6.2,0.0,101.31,0
2026-08-10,EQ-020,Excavator,Dammam Port Rd,4.04,0.0,79.52,0
2026-08-11,EQ-020,Excavator,Dammam Port Rd,3.71,0.0,67.7,0
2026-08-12,EQ-020,Excavator,Dammam Port Rd,4.96,0.0,79.5,0
2026-08-13,EQ-020,Excavator,Dammam Port Rd,4.75,0.0,84.93,0
2026-08-14,EQ-020,Excavator,Dammam Port Rd,0.68,0.0,11.57,0
2026-08-15,EQ-020,Excavator,Dammam Port Rd,4.87,0.0,90.59,0
2026-08-16,EQ-020,Excavator,Dammam Port Rd,5.08,0.0,87.95,0
2026-08-17,EQ-020,Excavator,Dammam Port Rd,3.59,0.64,63.8,0
2026-08-18,EQ-020,Excavator,Dammam Port Rd,3.51,0.0,63.9,0
2026-08-19,EQ-020,Excavator,Dammam Port Rd,4.55,0.0,84.62,0
2026-08-20,EQ-020,Excavator,Dammam Port Rd,4.15,0.0,70.89,0
2026-08-21,EQ-020,Excavator,Dammam Port Rd,0.61,0.0,12.29,0
2026-08-22,EQ-020,Excavator,Dammam Port Rd,4.58,0.0,84.69,0
2026-08-23,EQ-020,Excavator,Dammam Port Rd,3.75,0.0,66.47,0
2026-08-24,EQ-020,Excavator,Dammam Port Rd,3.79,0.0,70.53,0
2026-08-25,EQ-020,Excavator,Dammam Port Rd,4.16,0.0,71.34,0
2026-08-26,EQ-020,Excavator,Dammam Port Rd,4.37,3.15,76.5,1
2026-08-27,EQ-020,Excavator,Dammam Port Rd,3.52,0.0,65.42,0
2026-08-28,EQ-020,Excavator,Dammam Port Rd,0.72,0.0,13.48,0
2026-08-29,EQ-020,Excavator,Dammam Port Rd,1.97,0.66,36.53,0
2026-06-01,EQ-021,Grader,Dammam Port Rd,8.17,0.0,128.33,0
2026-06-02,EQ-021,Grader,Dammam Port Rd,9.24,0.0,153.34,0
2026-06-03,EQ-021,Grader,Dammam Port Rd,3.62,0.0,54.34,0
2026-06-04,EQ-021,Grader,Dammam Port Rd,4.1,0.0,66.4,0
2026-06-05,EQ-021,Grader,Dammam Port Rd,1.09,0.0,15.82,0
2026-06-06,EQ-021,Grader,Dammam Port Rd,4.61,0.0,77.58,0
2026-06-07,EQ-021,Grader,Dammam Port Rd,8.02,0.0,107.56,0
2026-06-08,EQ-021,Grader,Dammam Port Rd,5.71,0.0,85.85,0
2026-06-09,EQ-021,Grader,Dammam Port Rd,7.07,0.0,111.88,0
2026-06-10,EQ-021,Grader,Dammam Port Rd,7.26,0.0,107.56,0
2026-06-11,EQ-021,Grader,Dammam Port Rd,4.35,0.0,65.28,0
2026-06-12,EQ-021,Grader,Dammam Port Rd,1.0,0.0,15.27,0
2026-06-13,EQ-021,Grader,Dammam Port Rd,6.15,0.0,98.69,0
2026-06-14,EQ-021,Grader,Dammam Port Rd,6.29,0.0,93.1,0
2026-06-15,EQ-021,Grader,Dammam Port Rd,5.64,0.0,81.36,0
2026-06-16,EQ-021,Grader,Dammam Port Rd,6.72,0.0,98.61,0
2026-06-17,EQ-021,Grader,Dammam Port Rd,5.9,0.0,78.33,0
2026-06-18,EQ-021,Grader,Dammam Port Rd,6.61,0.0,105.11,0
2026-06-19,EQ-021,Grader,Dammam Port Rd,0.84,0.0,12.26,0
2026-06-20,EQ-021,Grader,Dammam Port Rd,5.2,0.0,68.48,0
2026-06-21,EQ-021,Grader,Dammam Port Rd,7.66,0.0,119.74,0
2026-06-22,EQ-021,Grader,Dammam Port Rd,5.1,0.0,74.55,0
2026-06-23,EQ-021,Grader,Dammam Port Rd,5.7,0.0,89.41,0
2026-06-24,EQ-021,Grader,Dammam Port Rd,8.16,0.0,119.04,0
2026-06-25,EQ-021,Grader,Dammam Port Rd,5.26,0.0,77.41,0
2026-06-26,EQ-021,Grader,Dammam Port Rd,1.05,0.0,15.72,0
2026-06-27,EQ-021,Grader,Dammam Port Rd,4.8,0.0,77.1,0
2026-06-28,EQ-021,Grader,Dammam Port Rd,6.16,0.0,87.3,0
2026-06-29,EQ-021,Grader,Dammam Port Rd,6.54,0.0,100.72,0
2026-06-30,EQ-021,Grader,Dammam Port Rd,8.13,0.0,119.96,0
2026-07-01,EQ-021,Grader,Dammam Port Rd,3.45,2.14,53.47,0
2026-07-02,EQ-021,Grader,Dammam Port Rd,5.7,0.0,85.58,0
2026-07-03,EQ-021,Grader,Dammam Port Rd,0.0,1.79,0.0,0
2026-07-04,EQ-021,Grader,Dammam Port Rd,4.95,0.0,67.33,0
2026-07-05,EQ-021,Grader,Dammam Port Rd,3.41,0.0,56.08,0
2026-07-06,EQ-021,Grader,Dammam Port Rd,5.41,0.0,70.54,0
2026-07-07,EQ-021,Grader,Dammam Port Rd,5.73,0.0,75.26,0
2026-07-08,EQ-021,Grader,Dammam Port Rd,6.3,0.0,101.97,0
2026-07-09,EQ-021,Grader,Dammam Port Rd,5.75,0.0,89.39,0
2026-07-10,EQ-021,Grader,Dammam Port Rd,0.89,0.0,11.98,0
2026-07-11,EQ-021,Grader,Dammam Port Rd,4.49,0.0,69.11,0
2026-07-12,EQ-021,Grader,Dammam Port Rd,5.37,3.77,87.02,1
2026-07-13,EQ-021,Grader,Dammam Port Rd,5.25,0.0,77.65,0
2026-07-14,EQ-021,Grader,Dammam Port Rd,5.27,0.0,92.37,0
2026-07-15,EQ-021,Grader,Dammam Port Rd,3.26,2.17,47.72,0
2026-07-16,EQ-021,Grader,Dammam Port Rd,5.01,0.0,83.86,0
2026-07-17,EQ-021,Grader,Dammam Port Rd,0.71,0.0,11.63,0
2026-07-18,EQ-021,Grader,Dammam Port Rd,5.29,0.0,85.5,0
2026-07-19,EQ-021,Grader,Dammam Port Rd,6.83,0.0,103.31,0
2026-07-20,EQ-021,Grader,Dammam Port Rd,4.85,0.0,69.72,0
2026-07-21,EQ-021,Grader,Dammam Port Rd,4.44,0.0,61.14,0
2026-07-22,EQ-021,Grader,Dammam Port Rd,2.22,1.99,34.49,0
2026-07-23,EQ-021,Grader,Dammam Port Rd,3.86,0.0,63.44,0
2026-07-24,EQ-021,Grader,Dammam Port Rd,0.81,0.0,11.78,0
2026-07-25,EQ-021,Grader,Dammam Port Rd,5.34,0.0,82.36,0
2026-07-26,EQ-021,Grader,Dammam Port Rd,6.16,0.0,87.39,0
2026-07-27,EQ-021,Grader,Dammam Port Rd,4.7,0.0,63.56,0
2026-07-28,EQ-021,Grader,Dammam Port Rd,4.86,0.0,71.34,0
2026-07-29,EQ-021,Grader,Dammam Port Rd,2.99,1.03,43.05,0
2026-07-30,EQ-021,Grader,Dammam Port Rd,3.51,0.0,54.38,0
2026-07-31,EQ-021,Grader,Dammam Port Rd,0.69,0.0,10.94,0
2026-08-01,EQ-021,Grader,Dammam Port Rd,3.86,0.0,56.8,0
2026-08-02,EQ-021,Grader,Dammam Port Rd,2.58,1.84,35.09,0
2026-08-03,EQ-021,Grader,Dammam Port Rd,4.16,0.0,54.17,0
2026-08-04,EQ-021,Grader,Dammam Port Rd,4.36,0.0,77.02,0
2026-08-05,EQ-021,Grader,Dammam Port Rd,3.7,0.0,51.2,0
2026-08-06,EQ-021,Grader,Dammam Port Rd,4.06,0.0,57.44,0
2026-08-07,EQ-021,Grader,Dammam Port Rd,0.56,0.0,9.0,0
2026-08-08,EQ-021,Grader,Dammam Port Rd,3.32,0.0,44.84,0
2026-08-09,EQ-021,Grader,Dammam Port Rd,3.4,0.0,51.0,0
2026-08-10,EQ-021,Grader,Dammam Port Rd,4.04,0.0,63.71,0
2026-08-11,EQ-021,Grader,Dammam Port Rd,4.29,0.0,66.99,0
2026-08-12,EQ-021,Grader,Dammam Port Rd,3.62,0.0,58.33,0
2026-08-13,EQ-021,Grader,Dammam Port Rd,3.99,0.0,56.36,0
2026-08-14,EQ-021,Grader,Dammam Port Rd,0.51,0.0,7.59,0
2026-08-15,EQ-021,Grader,Dammam Port Rd,4.18,0.0,68.0,0
2026-08-16,EQ-021,Grader,Dammam Port Rd,4.17,0.0,64.62,0
2026-08-17,EQ-021,Grader,Dammam Port Rd,3.05,0.0,44.86,0
2026-08-18,EQ-021,Grader,Dammam Port Rd,4.12,0.0,70.58,0
2026-08-19,EQ-021,Grader,Dammam Port Rd,3.41,0.0,51.85,0
2026-08-20,EQ-021,Grader,Dammam Port Rd,3.28,0.0,53.01,0
2026-08-21,EQ-021,Grader,Dammam Port Rd,0.44,0.0,7.22,0
2026-08-22,EQ-021,Grader,Dammam Port Rd,3.8,0.0,55.6,0
2026-08-23,EQ-021,Grader,Dammam Port Rd,3.1,0.0,49.04,0
2026-08-24,EQ-021,Grader,Dammam Port Rd,3.9,0.0,66.59,0
2026-08-25,EQ-021,Grader,Dammam Port Rd,3.5,0.0,55.54,0
2026-08-26,EQ-021,Grader,Dammam Port Rd,3.86,0.0,56.88,0
2026-08-27,EQ-021,Grader,Dammam Port Rd,3.54,0.0,52.27,0
2026-08-28,EQ-021,Grader,Dammam Port Rd,0.48,0.0,7.37,0
2026-08-29,EQ-021,Grader,Dammam Port Rd,1.01,2.06,14.98,0
2026-06-01,EQ-022,Grader,NEOM Site A,7.16,0.0,105.63,0
2026-06-02,EQ-022,Grader,NEOM Site A,7.06,0.0,111.26,0
2026-06-03,EQ-022,Grader,NEOM Site A,8.64,0.0,131.45,0
2026-06-04,EQ-022,Grader,NEOM Site A,7.69,0.0,119.6,0
2026-06-05,EQ-022,Grader,NEOM Site A,1.11,0.0,16.76,0
2026-06-06,EQ-022,Grader,NEOM Site A,7.54,0.0,111.21,0
2026-06-07,EQ-022,Grader,NEOM Site A,9.05,0.0,124.29,0
2026-06-08,EQ-022,Grader,NEOM Site A,5.49,0.0,81.73,0
2026-06-09,EQ-022,Grader,NEOM Site A,7.55,0.53,117.43,0
2026-06-10,EQ-022,Grader,NEOM Site A,6.17,0.0,92.41,0
2026-06-11,EQ-022,Grader,NEOM Site A,2.89,2.21,45.62,0
2026-06-12,EQ-022,Grader,NEOM Site A,1.09,0.0,14.3,0
2026-06-13,EQ-022,Grader,NEOM Site A,5.22,0.0,63.07,0
2026-06-14,EQ-022,Grader,NEOM Site A,8.47,0.0,134.54,0
2026-06-15,EQ-022,Grader,NEOM Site A,5.93,0.0,108.99,0
2026-06-16,EQ-022,Grader,NEOM Site A,4.27,0.0,55.97,0
2026-06-17,EQ-022,Grader,NEOM Site A,7.51,0.0,113.71,0
2026-06-18,EQ-022,Grader,NEOM Site A,5.91,0.0,79.61,0
2026-06-19,EQ-022,Grader,NEOM Site A,1.27,0.0,17.23,0
2026-06-20,EQ-022,Grader,NEOM Site A,8.91,0.0,151.56,0
2026-06-21,EQ-022,Grader,NEOM Site A,8.47,0.0,126.23,0
2026-06-22,EQ-022,Grader,NEOM Site A,7.15,0.0,110.46,0
2026-06-23,EQ-022,Grader,NEOM Site A,7.21,0.0,107.79,0
2026-06-24,EQ-022,Grader,NEOM Site A,7.95,0.61,114.59,0
2026-06-25,EQ-022,Grader,NEOM Site A,6.34,0.0,90.04,0
2026-06-26,EQ-022,Grader,NEOM Site A,1.32,0.0,19.69,0
2026-06-27,EQ-022,Grader,NEOM Site A,7.85,0.0,122.36,0
2026-06-28,EQ-022,Grader,NEOM Site A,6.81,0.0,103.39,0
2026-06-29,EQ-022,Grader,NEOM Site A,6.41,2.57,102.28,1
2026-06-30,EQ-022,Grader,NEOM Site A,6.62,0.0,89.13,0
2026-07-01,EQ-022,Grader,NEOM Site A,7.27,0.0,110.58,0
2026-07-02,EQ-022,Grader,NEOM Site A,5.34,0.0,79.81,0
2026-07-03,EQ-022,Grader,NEOM Site A,1.21,0.0,14.3,0
2026-07-04,EQ-022,Grader,NEOM Site A,7.65,0.0,103.39,0
2026-07-05,EQ-022,Grader,NEOM Site A,6.77,0.0,89.94,0
2026-07-06,EQ-022,Grader,NEOM Site A,7.34,0.51,103.38,0
2026-07-07,EQ-022,Grader,NEOM Site A,5.82,0.0,78.13,0
2026-07-08,EQ-022,Grader,NEOM Site A,8.28,0.0,123.33,0
2026-07-09,EQ-022,Grader,NEOM Site A,4.95,0.0,67.48,0
2026-07-10,EQ-022,Grader,NEOM Site A,1.16,0.0,18.01,0
2026-07-11,EQ-022,Grader,NEOM Site A,7.11,0.0,112.98,0
2026-07-12,EQ-022,Grader,NEOM Site A,4.36,0.0,72.77,0
2026-07-13,EQ-022,Grader,NEOM Site A,8.73,0.0,128.15,0
2026-07-14,EQ-022,Grader,NEOM Site A,6.24,0.0,97.12,0
2026-07-15,EQ-022,Grader,NEOM Site A,6.03,0.0,103.98,0
2026-07-16,EQ-022,Grader,NEOM Site A,6.93,0.0,94.11,0
2026-07-17,EQ-022,Grader,NEOM Site A,1.19,0.0,18.94,0
2026-07-18,EQ-022,Grader,NEOM Site A,5.03,1.33,71.56,0
2026-07-19,EQ-022,Grader,NEOM Site A,6.52,0.0,111.4,0
2026-07-20,EQ-022,Grader,NEOM Site A,6.88,0.0,107.76,0
2026-07-21,EQ-022,Grader,NEOM Site A,7.77,0.0,108.02,0
2026-07-22,EQ-022,Grader,NEOM Site A,6.72,0.0,97.12,0
2026-07-23,EQ-022,Grader,NEOM Site A,3.96,2.0,59.7,0
2026-07-24,EQ-022,Grader,NEOM Site A,1.14,0.0,17.52,0
2026-07-25,EQ-022,Grader,NEOM Site A,7.77,0.0,107.18,0
2026-07-26,EQ-022,Grader,NEOM Site A,5.84,0.0,79.49,0
2026-07-27,EQ-022,Grader,NEOM Site A,7.95,0.0,119.98,0
2026-07-28,EQ-022,Grader,NEOM Site A,3.89,0.0,54.68,0
2026-07-29,EQ-022,Grader,NEOM Site A,9.46,0.0,133.86,0
2026-07-30,EQ-022,Grader,NEOM Site A,4.36,0.0,60.31,0
2026-07-31,EQ-022,Grader,NEOM Site A,0.0,1.34,0.0,0
2026-08-01,EQ-022,Grader,NEOM Site A,9.17,0.0,139.72,0
2026-08-02,EQ-022,Grader,NEOM Site A,3.37,2.08,52.18,0
2026-08-03,EQ-022,Grader,NEOM Site A,8.22,0.0,116.03,0
2026-08-04,EQ-022,Grader,NEOM Site A,8.2,0.0,120.18,0
2026-08-05,EQ-022,Grader,NEOM Site A,6.15,0.0,103.5,0
2026-08-06,EQ-022,Grader,NEOM Site A,7.37,0.0,108.5,0
2026-08-07,EQ-022,Grader,NEOM Site A,1.49,0.0,21.23,0
2026-08-08,EQ-022,Grader,NEOM Site A,6.67,0.0,101.1,0
2026-08-09,EQ-022,Grader,NEOM Site A,6.16,0.0,101.77,0
2026-08-10,EQ-022,Grader,NEOM Site A,5.42,0.0,78.6,0
2026-08-11,EQ-022,Grader,NEOM Site A,6.48,0.0,103.95,0
2026-08-12,EQ-022,Grader,NEOM Site A,7.56,3.2,101.91,1
2026-08-13,EQ-022,Grader,NEOM Site A,7.59,0.0,117.11,0
2026-08-14,EQ-022,Grader,NEOM Site A,1.01,0.0,15.36,0
2026-08-15,EQ-022,Grader,NEOM Site A,8.07,0.0,127.29,0
2026-08-16,EQ-022,Grader,NEOM Site A,6.98,0.0,89.36,0
2026-08-17,EQ-022,Grader,NEOM Site A,6.84,0.0,114.56,0
2026-08-18,EQ-022,Grader,NEOM Site A,7.43,0.0,111.06,0
2026-08-19,EQ-022,Grader,NEOM Site A,8.14,0.0,117.76,0
2026-08-20,EQ-022,Grader,NEOM Site A,6.19,0.0,101.17,0
2026-08-21,EQ-022,Grader,NEOM Site A,0.93,0.0,12.86,0
2026-08-22,EQ-022,Grader,NEOM Site A,6.75,0.0,116.17,0
2026-08-23,EQ-022,Grader,NEOM Site A,5.01,0.0,69.67,0
2026-08-24,EQ-022,Grader,NEOM Site A,8.19,0.0,117.32,0
2026-08-25,EQ-022,Grader,NEOM Site A,7.09,0.0,118.32,0
2026-08-26,EQ-022,Grader,NEOM Site A,7.66,0.0,93.41,0
2026-08-27,EQ-022,Grader,NEOM Site A,6.92,0.0,113.43,0
2026-08-28,EQ-022,Grader,NEOM Site A,0.72,0.0,9.86,0
2026-08-29,EQ-022,Grader,NEOM Site A,9.05,0.0,128.5,0
2026-06-01,EQ-023,Grader,Jeddah Corniche,3.87,0.0,58.22,0
2026-06-02,EQ-023,Grader,Jeddah Corniche,8.01,0.0,117.01,0
2026-06-03,EQ-023,Grader,Jeddah Corniche,8.21,0.0,125.15,0
2026-06-04,EQ-023,Grader,Jeddah Corniche,7.08,0.0,104.48,0
2026-06-05,EQ-023,Grader,Jeddah Corniche,1.02,0.0,13.87,0
2026-06-06,EQ-023,Grader,Jeddah Corniche,6.73,0.0,100.04,0
2026-06-07,EQ-023,Grader,Jeddah Corniche,8.02,0.0,113.97,0
2026-06-08,EQ-023,Grader,Jeddah Corniche,7.16,0.0,101.21,0
2026-06-09,EQ-023,Grader,Jeddah Corniche,7.17,0.0,107.14,0
2026-06-10,EQ-023,Grader,Jeddah Corniche,5.04,0.0,71.55,0
2026-06-11,EQ-023,Grader,Jeddah Corniche,8.23,0.0,118.06,0
2026-06-12,EQ-023,Grader,Jeddah Corniche,1.27,0.0,19.3,0
2026-06-13,EQ-023,Grader,Jeddah Corniche,7.91,0.0,118.63,0
2026-06-14,EQ-023,Grader,Jeddah Corniche,6.21,0.0,88.57,0
2026-06-15,EQ-023,Grader,Jeddah Corniche,8.78,0.0,131.92,0
2026-06-16,EQ-023,Grader,Jeddah Corniche,7.91,0.0,116.18,0
2026-06-17,EQ-023,Grader,Jeddah Corniche,6.96,0.0,99.61,0
2026-06-18,EQ-023,Grader,Jeddah Corniche,6.85,0.0,108.94,0
2026-06-19,EQ-023,Grader,Jeddah Corniche,1.03,0.0,15.31,0
2026-06-20,EQ-023,Grader,Jeddah Corniche,6.71,0.0,91.44,0
2026-06-21,EQ-023,Grader,Jeddah Corniche,5.76,0.0,93.2,0
2026-06-22,EQ-023,Grader,Jeddah Corniche,6.96,0.0,113.37,0
2026-06-23,EQ-023,Grader,Jeddah Corniche,8.86,0.0,124.98,0
2026-06-24,EQ-023,Grader,Jeddah Corniche,6.41,0.0,97.71,0
2026-06-25,EQ-023,Grader,Jeddah Corniche,6.68,0.0,107.25,0
2026-06-26,EQ-023,Grader,Jeddah Corniche,0.95,0.0,15.13,0
2026-06-27,EQ-023,Grader,Jeddah Corniche,5.61,0.0,77.55,0
2026-06-28,EQ-023,Grader,Jeddah Corniche,5.82,0.0,90.21,0
2026-06-29,EQ-023,Grader,Jeddah Corniche,6.61,0.0,99.56,0
2026-06-30,EQ-023,Grader,Jeddah Corniche,5.62,0.0,91.04,0
2026-07-01,EQ-023,Grader,Jeddah Corniche,6.9,0.0,106.28,0
2026-07-02,EQ-023,Grader,Jeddah Corniche,4.57,0.0,83.36,0
2026-07-03,EQ-023,Grader,Jeddah Corniche,1.03,0.0,16.22,0
2026-07-04,EQ-023,Grader,Jeddah Corniche,8.97,0.0,114.3,0
2026-07-05,EQ-023,Grader,Jeddah Corniche,7.68,0.0,120.16,0
2026-07-06,EQ-023,Grader,Jeddah Corniche,5.61,0.0,76.67,0
2026-07-07,EQ-023,Grader,Jeddah Corniche,8.48,2.89,127.85,1
2026-07-08,EQ-023,Grader,Jeddah Corniche,6.34,0.0,95.85,0
2026-07-09,EQ-023,Grader,Jeddah Corniche,6.33,0.0,82.5,0
2026-07-10,EQ-023,Grader,Jeddah Corniche,0.82,0.0,13.22,0
2026-07-11,EQ-023,Grader,Jeddah Corniche,6.33,0.0,90.15,0
2026-07-12,EQ-023,Grader,Jeddah Corniche,6.71,0.0,107.7,0
2026-07-13,EQ-023,Grader,Jeddah Corniche,9.52,0.0,139.3,0
2026-07-14,EQ-023,Grader,Jeddah Corniche,8.52,0.0,132.83,0
2026-07-15,EQ-023,Grader,Jeddah Corniche,6.39,2.08,99.47,0
2026-07-16,EQ-023,Grader,Jeddah Corniche,9.11,0.0,136.1,0
2026-07-17,EQ-023,Grader,Jeddah Corniche,0.95,0.0,15.29,0
2026-07-18,EQ-023,Grader,Jeddah Corniche,5.35,0.0,80.89,0
2026-07-19,EQ-023,Grader,Jeddah Corniche,3.91,2.48,58.21,0
2026-07-20,EQ-023,Grader,Jeddah Corniche,6.48,0.0,98.79,0
2026-07-21,EQ-023,Grader,Jeddah Corniche,7.34,1.38,96.4,0
2026-07-22,EQ-023,Grader,Jeddah Corniche,5.06,0.0,77.86,0
2026-07-23,EQ-023,Grader,Jeddah Corniche,5.37,0.0,80.65,0
2026-07-24,EQ-023,Grader,Jeddah Corniche,0.0,2.39,0.0,0
2026-07-25,EQ-023,Grader,Jeddah Corniche,5.82,0.0,89.43,0
2026-07-26,EQ-023,Grader,Jeddah Corniche,6.72,0.0,100.83,0
2026-07-27,EQ-023,Grader,Jeddah Corniche,7.46,0.0,128.11,0
2026-07-28,EQ-023,Grader,Jeddah Corniche,6.3,0.0,93.32,0
2026-07-29,EQ-023,Grader,Jeddah Corniche,7.97,0.0,129.12,0
2026-07-30,EQ-023,Grader,Jeddah Corniche,5.99,0.0,101.48,0
2026-07-31,EQ-023,Grader,Jeddah Corniche,1.0,0.0,14.5,0
2026-08-01,EQ-023,Grader,Jeddah Corniche,6.58,0.0,91.82,0
2026-08-02,EQ-023,Grader,Jeddah Corniche,5.87,0.0,91.89,0
2026-08-03,EQ-023,Grader,Jeddah Corniche,9.54,0.0,144.43,0
2026-08-04,EQ-023,Grader,Jeddah Corniche,6.21,0.0,81.55,0
2026-08-05,EQ-023,Grader,Jeddah Corniche,7.82,0.0,116.86,0
2026-08-06,EQ-023,Grader,Jeddah Corniche,4.91,1.62,67.65,0
2026-08-07,EQ-023,Grader,Jeddah Corniche,1.14,0.0,18.91,0
2026-08-08,EQ-023,Grader,Jeddah Corniche,4.37,0.82,65.29,0
2026-08-09,EQ-023,Grader,Jeddah Corniche,5.32,0.0,79.75,0
2026-08-10,EQ-023,Grader,Jeddah Corniche,9.3,0.0,150.86,0
2026-08-11,EQ-023,Grader,Jeddah Corniche,5.48,0.0,86.34,0
2026-08-12,EQ-023,Grader,Jeddah Corniche,8.3,0.0,124.72,0
2026-08-13,EQ-023,Grader,Jeddah Corniche,5.34,0.0,84.83,0
2026-08-14,EQ-023,Grader,Jeddah Corniche,0.97,0.0,13.42,0
2026-08-15,EQ-023,Grader,Jeddah Corniche,6.22,0.0,99.23,0
2026-08-16,EQ-023,Grader,Jeddah Corniche,7.09,0.0,103.97,0
2026-08-17,EQ-023,Grader,Jeddah Corniche,5.08,0.0,83.51,0
2026-08-18,EQ-023,Grader,Jeddah Corniche,6.83,0.0,101.75,0
2026-08-19,EQ-023,Grader,Jeddah Corniche,6.96,0.0,84.83,0
2026-08-20,EQ-023,Grader,Jeddah Corniche,7.25,3.3,120.0,1
2026-08-21,EQ-023,Grader,Jeddah Corniche,0.85,0.0,11.23,0
2026-08-22,EQ-023,Grader,Jeddah Corniche,8.49,0.0,119.3,0
2026-08-23,EQ-023,Grader,Jeddah Corniche,6.51,0.73,99.94,0
2026-08-24,EQ-023,Grader,Jeddah Corniche,7.25,0.0,117.02,0
2026-08-25,EQ-023,Grader,Jeddah Corniche,7.94,0.0,124.18,0
2026-08-26,EQ-023,Grader,Jeddah Corniche,7.2,0.0,107.33,0
2026-08-27,EQ-023,Grader,Jeddah Corniche,7.04,0.0,117.59,0
2026-08-28,EQ-023,Grader,Jeddah Corniche,1.05,0.0,17.34,0
2026-08-29,EQ-023,Grader,Jeddah Corniche,7.96,0.0,116.72,0
2026-06-01,EQ-024,Dump Truck,Dammam Port Rd,5.97,3.43,132.58,0
2026-06-02,EQ-024,Dump Truck,Dammam Port Rd,9.26,0.0,216.52,0
2026-06-03,EQ-024,Dump Truck,Dammam Port Rd,10.41,0.0,224.5,0
2026-06-04,EQ-024,Dump Truck,Dammam Port Rd,9.71,0.0,195.12,0
2026-06-05,EQ-024,Dump Truck,Dammam Port Rd,0.0,2.05,0.0,0
2026-06-06,EQ-024,Dump Truck,Dammam Port Rd,9.52,0.0,211.95,0
2026-06-07,EQ-024,Dump Truck,Dammam Port Rd,4.46,3.03,97.75,0
2026-06-08,EQ-024,Dump Truck,Dammam Port Rd,4.56,1.62,98.71,0
2026-06-09,EQ-024,Dump Truck,Dammam Port Rd,7.77,0.0,191.53,0
2026-06-10,EQ-024,Dump Truck,Dammam Port Rd,9.21,0.0,201.58,0
2026-06-11,EQ-024,Dump Truck,Dammam Port Rd,8.37,0.0,174.19,0
2026-06-12,EQ-024,Dump Truck,Dammam Port Rd,1.42,0.0,28.84,0
2026-06-13,EQ-024,Dump Truck,Dammam Port Rd,2.91,5.32,63.82,0
2026-06-14,EQ-024,Dump Truck,Dammam Port Rd,9.17,0.0,233.26,0
2026-06-15,EQ-024,Dump Truck,Dammam Port Rd,9.52,0.0,250.52,0
2026-06-16,EQ-024,Dump Truck,Dammam Port Rd,8.92,0.0,209.59,0
2026-06-17,EQ-024,Dump Truck,Dammam Port Rd,3.98,3.46,90.0,0
2026-06-18,EQ-024,Dump Truck,Dammam Port Rd,7.29,0.0,164.94,0
2026-06-19,EQ-024,Dump Truck,Dammam Port Rd,1.17,0.0,23.04,0
2026-06-20,EQ-024,Dump Truck,Dammam Port Rd,6.66,0.0,150.72,0
2026-06-21,EQ-024,Dump Truck,Dammam Port Rd,8.03,0.0,185.92,0
2026-06-22,EQ-024,Dump Truck,Dammam Port Rd,3.33,5.52,78.91,0
2026-06-23,EQ-024,Dump Truck,Dammam Port Rd,5.58,3.04,102.57,0
2026-06-24,EQ-024,Dump Truck,Dammam Port Rd,7.32,0.0,174.15,0
2026-06-25,EQ-024,Dump Truck,Dammam Port Rd,9.14,0.0,221.04,0
2026-06-26,EQ-024,Dump Truck,Dammam Port Rd,0.95,0.0,20.54,0
2026-06-27,EQ-024,Dump Truck,Dammam Port Rd,7.12,0.0,163.87,0
2026-06-28,EQ-024,Dump Truck,Dammam Port Rd,8.05,0.0,171.7,0
2026-06-29,EQ-024,Dump Truck,Dammam Port Rd,7.28,0.0,179.12,0
2026-06-30,EQ-024,Dump Truck,Dammam Port Rd,4.52,0.0,99.4,0
2026-07-01,EQ-024,Dump Truck,Dammam Port Rd,6.16,0.0,134.28,0
2026-07-02,EQ-024,Dump Truck,Dammam Port Rd,3.11,3.41,67.2,0
2026-07-03,EQ-024,Dump Truck,Dammam Port Rd,0.0,4.88,0.0,0
2026-07-04,EQ-024,Dump Truck,Dammam Port Rd,7.45,0.0,178.42,0
2026-07-05,EQ-024,Dump Truck,Dammam Port Rd,1.61,5.9,34.54,0
2026-07-06,EQ-024,Dump Truck,Dammam Port Rd,5.76,0.0,137.75,0
2026-07-07,EQ-024,Dump Truck,Dammam Port Rd,8.2,0.0,174.54,0
2026-07-08,EQ-024,Dump Truck,Dammam Port Rd,4.77,1.94,93.13,0
2026-07-09,EQ-024,Dump Truck,Dammam Port Rd,7.16,0.0,152.57,0
2026-07-10,EQ-024,Dump Truck,Dammam Port Rd,0.0,5.0,0.0,0
2026-07-11,EQ-024,Dump Truck,Dammam Port Rd,2.25,5.09,49.61,0
2026-07-12,EQ-024,Dump Truck,Dammam Port Rd,5.18,1.7,123.56,0
2026-07-13,EQ-024,Dump Truck,Dammam Port Rd,5.95,0.0,128.8,0
2026-07-14,EQ-024,Dump Truck,Dammam Port Rd,6.3,4.46,150.81,1
2026-07-15,EQ-024,Dump Truck,Dammam Port Rd,1.98,4.12,45.69,0
2026-07-16,EQ-024,Dump Truck,Dammam Port Rd,5.17,0.0,113.3,0
2026-07-17,EQ-024,Dump Truck,Dammam Port Rd,1.01,0.0,18.4,0
2026-07-18,EQ-024,Dump Truck,Dammam Port Rd,5.29,0.0,116.87,0
2026-07-19,EQ-024,Dump Truck,Dammam Port Rd,3.04,4.45,66.83,0
2026-07-20,EQ-024,Dump Truck,Dammam Port Rd,6.95,0.0,151.45,0
2026-07-21,EQ-024,Dump Truck,Dammam Port Rd,5.13,0.0,131.86,0
2026-07-22,EQ-024,Dump Truck,Dammam Port Rd,6.25,0.0,136.42,0
2026-07-23,EQ-024,Dump Truck,Dammam Port Rd,6.28,0.0,132.98,0
2026-07-24,EQ-024,Dump Truck,Dammam Port Rd,0.0,3.33,0.0,0
2026-07-25,EQ-024,Dump Truck,Dammam Port Rd,4.73,0.0,102.82,0
2026-07-26,EQ-024,Dump Truck,Dammam Port Rd,5.46,0.0,126.31,0
2026-07-27,EQ-024,Dump Truck,Dammam Port Rd,6.17,0.0,133.4,0
2026-07-28,EQ-024,Dump Truck,Dammam Port Rd,3.18,1.98,70.1,0
2026-07-29,EQ-024,Dump Truck,Dammam Port Rd,4.94,0.0,101.36,0
2026-07-30,EQ-024,Dump Truck,Dammam Port Rd,4.25,0.0,90.41,0
2026-07-31,EQ-024,Dump Truck,Dammam Port Rd,0.72,0.0,16.3,0
2026-08-01,EQ-024,Dump Truck,Dammam Port Rd,6.32,0.0,136.92,0
2026-08-02,EQ-024,Dump Truck,Dammam Port Rd,6.03,0.0,151.04,0
2026-08-03,EQ-024,Dump Truck,Dammam Port Rd,6.92,0.0,151.22,0
2026-08-04,EQ-024,Dump Truck,Dammam Port Rd,4.67,0.0,99.63,0
2026-08-05,EQ-024,Dump Truck,Dammam Port Rd,5.65,0.0,116.42,0
2026-08-06,EQ-024,Dump Truck,Dammam Port Rd,4.92,0.0,99.36,0
2026-08-07,EQ-024,Dump Truck,Dammam Port Rd,0.0,4.21,0.0,0
2026-08-08,EQ-024,Dump Truck,Dammam Port Rd,0.0,5.79,0.0,0
2026-08-09,EQ-024,Dump Truck,Dammam Port Rd,3.88,0.0,82.89,0
2026-08-10,EQ-024,Dump Truck,Dammam Port Rd,2.08,2.55,42.24,0
2026-08-11,EQ-024,Dump Truck,Dammam Port Rd,3.21,2.48,72.68,0
2026-08-12,EQ-024,Dump Truck,Dammam Port Rd,0.03,3.88,0.68,0
2026-08-13,EQ-024,Dump Truck,Dammam Port Rd,0.02,4.42,0.54,0
2026-08-14,EQ-024,Dump Truck,Dammam Port Rd,0.61,0.0,12.22,0
2026-08-15,EQ-024,Dump Truck,Dammam Port Rd,1.72,3.75,36.52,0
2026-08-16,EQ-024,Dump Truck,Dammam Port Rd,4.24,0.0,102.99,0
2026-08-17,EQ-024,Dump Truck,Dammam Port Rd,5.08,0.0,113.1,0
2026-08-18,EQ-024,Dump Truck,Dammam Port Rd,3.87,0.0,78.3,0
2026-08-19,EQ-024,Dump Truck,Dammam Port Rd,0.0,4.24,0.0,0
2026-08-20,EQ-024,Dump Truck,Dammam Port Rd,3.26,1.79,64.75,0
2026-08-21,EQ-024,Dump Truck,Dammam Port Rd,0.0,5.67,0.0,0
2026-08-22,EQ-024,Dump Truck,Dammam Port Rd,5.08,0.0,118.85,0
2026-08-23,EQ-024,Dump Truck,Dammam Port Rd,3.97,0.0,78.89,0
2026-08-24,EQ-024,Dump Truck,Dammam Port Rd,4.27,0.0,105.79,0
2026-08-25,EQ-024,Dump Truck,Dammam Port Rd,4.42,0.0,90.49,0
2026-08-26,EQ-024,Dump Truck,Dammam Port Rd,3.14,0.0,65.3,0
2026-08-27,EQ-024,Dump Truck,Dammam Port Rd,4.53,0.0,98.7,0
2026-08-28,EQ-024,Dump Truck,Dammam Port Rd,0.6,0.0,12.85,0
2026-08-29,EQ-024,Dump Truck,Dammam Port Rd,3.98,0.0,85.35,0
2026-06-01,EQ-025,Dump Truck,Riyadh Metro Ext.,8.83,0.0,202.35,0
2026-06-02,EQ-025,Dump Truck,Riyadh Metro Ext.,8.92,0.0,190.07,0
2026-06-03,EQ-025,Dump Truck,Riyadh Metro Ext.,7.55,0.0,184.06,0
2026-06-04,EQ-025,Dump Truck,Riyadh Metro Ext.,10.06,0.0,216.68,0
2026-06-05,EQ-025,Dump Truck,Riyadh Metro Ext.,1.6,0.0,33.62,0
2026-06-06,EQ-025,Dump Truck,Riyadh Metro Ext.,11.25,0.0,278.06,0
2026-06-07,EQ-025,Dump Truck,Riyadh Metro Ext.,7.32,0.0,184.44,0
2026-06-08,EQ-025,Dump Truck,Riyadh Metro Ext.,9.04,0.0,182.54,0
2026-06-09,EQ-025,Dump Truck,Riyadh Metro Ext.,10.3,0.0,225.07,0
2026-06-10,EQ-025,Dump Truck,Riyadh Metro Ext.,7.52,0.0,178.78,0
2026-06-11,EQ-025,Dump Truck,Riyadh Metro Ext.,8.96,0.0,218.36,0
2026-06-12,EQ-025,Dump Truck,Riyadh Metro Ext.,1.28,0.0,24.77,0
2026-06-13,EQ-025,Dump Truck,Riyadh Metro Ext.,8.22,0.0,173.06,0
2026-06-14,EQ-025,Dump Truck,Riyadh Metro Ext.,9.89,0.0,223.07,0
2026-06-15,EQ-025,Dump Truck,Riyadh Metro Ext.,8.13,0.0,172.62,0
2026-06-16,EQ-025,Dump Truck,Riyadh Metro Ext.,11.31,0.0,255.4,0
2026-06-17,EQ-025,Dump Truck,Riyadh Metro Ext.,7.12,0.0,151.44,0
2026-06-18,EQ-025,Dump Truck,Riyadh Metro Ext.,8.12,2.14,187.01,0
2026-06-19,EQ-025,Dump Truck,Riyadh Metro Ext.,1.27,0.0,26.43,0
2026-06-20,EQ-025,Dump Truck,Riyadh Metro Ext.,9.93,0.0,223.88,0
2026-06-21,EQ-025,Dump Truck,Riyadh Metro Ext.,8.45,0.0,171.83,0
2026-06-22,EQ-025,Dump Truck,Riyadh Metro Ext.,8.68,0.62,190.26,0
2026-06-23,EQ-025,Dump Truck,Riyadh Metro Ext.,9.16,0.0,199.72,0
2026-06-24,EQ-025,Dump Truck,Riyadh Metro Ext.,7.79,0.0,184.16,0
2026-06-25,EQ-025,Dump Truck,Riyadh Metro Ext.,9.33,0.0,176.78,0
2026-06-26,EQ-025,Dump Truck,Riyadh Metro Ext.,0.89,0.0,17.68,0
2026-06-27,EQ-025,Dump Truck,Riyadh Metro Ext.,8.72,0.0,204.11,0
2026-06-28,EQ-025,Dump Truck,Riyadh Metro Ext.,7.13,0.5,160.71,0
2026-06-29,EQ-025,Dump Truck,Riyadh Metro Ext.,8.38,0.0,182.94,0
2026-06-30,EQ-025,Dump Truck,Riyadh Metro Ext.,11.13,0.0,257.57,0
2026-07-01,EQ-025,Dump Truck,Riyadh Metro Ext.,8.37,5.51,180.38,1
2026-07-02,EQ-025,Dump Truck,Riyadh Metro Ext.,5.32,0.0,127.23,0
2026-07-03,EQ-025,Dump Truck,Riyadh Metro Ext.,1.69,0.0,33.81,0
2026-07-04,EQ-025,Dump Truck,Riyadh Metro Ext.,7.54,0.96,184.99,0
2026-07-05,EQ-025,Dump Truck,Riyadh Metro Ext.,11.69,0.0,256.93,0
2026-07-06,EQ-025,Dump Truck,Riyadh Metro Ext.,7.45,0.0,164.69,0
2026-07-07,EQ-025,Dump Truck,Riyadh Metro Ext.,8.65,0.0,182.56,0
2026-07-08,EQ-025,Dump Truck,Riyadh Metro Ext.,9.18,0.0,217.24,0
2026-07-09,EQ-025,Dump Truck,Riyadh Metro Ext.,8.87,0.0,192.49,0
2026-07-10,EQ-025,Dump Truck,Riyadh Metro Ext.,1.33,0.0,30.71,0
2026-07-11,EQ-025,Dump Truck,Riyadh Metro Ext.,7.95,0.0,174.89,0
2026-07-12,EQ-025,Dump Truck,Riyadh Metro Ext.,9.15,0.0,197.95,0
2026-07-13,EQ-025,Dump Truck,Riyadh Metro Ext.,9.95,0.0,215.55,0
2026-07-14,EQ-025,Dump Truck,Riyadh Metro Ext.,9.19,0.0,187.7,0
2026-07-15,EQ-025,Dump Truck,Riyadh Metro Ext.,8.96,0.0,182.54,0
2026-07-16,EQ-025,Dump Truck,Riyadh Metro Ext.,8.55,0.0,200.51,0
2026-07-17,EQ-025,Dump Truck,Riyadh Metro Ext.,1.33,0.0,29.52,0
2026-07-18,EQ-025,Dump Truck,Riyadh Metro Ext.,7.56,0.0,149.24,0
2026-07-19,EQ-025,Dump Truck,Riyadh Metro Ext.,7.72,0.0,161.12,0
2026-07-20,EQ-025,Dump Truck,Riyadh Metro Ext.,9.56,0.0,221.49,0
2026-07-21,EQ-025,Dump Truck,Riyadh Metro Ext.,7.77,0.0,171.54,0
2026-07-22,EQ-025,Dump Truck,Riyadh Metro Ext.,11.79,0.0,248.69,0
2026-07-23,EQ-025,Dump Truck,Riyadh Metro Ext.,9.82,0.0,191.44,0
2026-07-24,EQ-025,Dump Truck,Riyadh Metro Ext.,1.2,0.0,25.59,0
2026-07-25,EQ-025,Dump Truck,Riyadh Metro Ext.,8.6,0.0,207.81,0
2026-07-26,EQ-025,Dump Truck,Riyadh Metro Ext.,6.11,1.18,134.22,0
2026-07-27,EQ-025,Dump Truck,Riyadh Metro Ext.,6.78,1.04,141.33,0
2026-07-28,EQ-025,Dump Truck,Riyadh Metro Ext.,9.25,0.0,215.0,0
2026-07-29,EQ-025,Dump Truck,Riyadh Metro Ext.,9.14,0.0,221.33,0
2026-07-30,EQ-025,Dump Truck,Riyadh Metro Ext.,8.47,0.0,179.29,0
2026-07-31,EQ-025,Dump Truck,Riyadh Metro Ext.,1.32,0.0,27.25,0
2026-08-01,EQ-025,Dump Truck,Riyadh Metro Ext.,6.57,0.0,148.23,0
2026-08-02,EQ-025,Dump Truck,Riyadh Metro Ext.,9.16,0.0,229.19,0
2026-08-03,EQ-025,Dump Truck,Riyadh Metro Ext.,9.91,0.0,229.75,0
2026-08-04,EQ-025,Dump Truck,Riyadh Metro Ext.,11.05,0.0,259.33,0
2026-08-05,EQ-025,Dump Truck,Riyadh Metro Ext.,9.85,0.0,216.02,0
2026-08-06,EQ-025,Dump Truck,Riyadh Metro Ext.,8.59,0.0,179.55,0
2026-08-07,EQ-025,Dump Truck,Riyadh Metro Ext.,1.32,0.0,32.43,0
2026-08-08,EQ-025,Dump Truck,Riyadh Metro Ext.,8.74,0.0,211.79,0
2026-08-09,EQ-025,Dump Truck,Riyadh Metro Ext.,9.36,0.0,188.03,0
2026-08-10,EQ-025,Dump Truck,Riyadh Metro Ext.,11.88,4.18,265.12,1
2026-08-11,EQ-025,Dump Truck,Riyadh Metro Ext.,7.6,0.0,184.05,0
2026-08-12,EQ-025,Dump Truck,Riyadh Metro Ext.,6.76,0.0,154.25,0
2026-08-13,EQ-025,Dump Truck,Riyadh Metro Ext.,11.36,0.0,278.15,0
2026-08-14,EQ-025,Dump Truck,Riyadh Metro Ext.,1.25,0.0,25.13,0
2026-08-15,EQ-025,Dump Truck,Riyadh Metro Ext.,7.69,0.0,156.1,0
2026-08-16,EQ-025,Dump Truck,Riyadh Metro Ext.,9.89,0.0,199.07,0
2026-08-17,EQ-025,Dump Truck,Riyadh Metro Ext.,8.37,0.0,180.49,0
2026-08-18,EQ-025,Dump Truck,Riyadh Metro Ext.,9.04,0.0,213.97,0
2026-08-19,EQ-025,Dump Truck,Riyadh Metro Ext.,8.63,0.0,190.82,0
2026-08-20,EQ-025,Dump Truck,Riyadh Metro Ext.,9.56,0.0,197.31,0
2026-08-21,EQ-025,Dump Truck,Riyadh Metro Ext.,1.22,0.0,25.42,0
2026-08-22,EQ-025,Dump Truck,Riyadh Metro Ext.,9.85,0.0,192.71,0
2026-08-23,EQ-025,Dump Truck,Riyadh Metro Ext.,8.6,0.0,169.92,0
2026-08-24,EQ-025,Dump Truck,Riyadh Metro Ext.,8.27,0.0,176.97,0
2026-08-25,EQ-025,Dump Truck,Riyadh Metro Ext.,9.18,0.0,222.91,0
2026-08-26,EQ-025,Dump Truck,Riyadh Metro Ext.,9.59,0.0,212.28,0
2026-08-27,EQ-025,Dump Truck,Riyadh Metro Ext.,9.15,0.0,192.82,0
2026-08-28,EQ-025,Dump Truck,Riyadh Metro Ext.,0.0,2.46,0.0,0
2026-08-29,EQ-025,Dump Truck,Riyadh Metro Ext.,9.24,0.0,210.41,0
2026-06-01,EQ-026,Dump Truck,Jeddah Corniche,8.78,0.0,194.3,0
2026-06-02,EQ-026,Dump Truck,Jeddah Corniche,8.51,0.0,171.39,0
2026-06-03,EQ-026,Dump Truck,Jeddah Corniche,5.06,4.61,101.22,0
2026-06-04,EQ-026,Dump Truck,Jeddah Corniche,6.69,2.46,167.98,0
2026-06-05,EQ-026,Dump Truck,Jeddah Corniche,0.0,4.47,0.0,0
2026-06-06,EQ-026,Dump Truck,Jeddah Corniche,6.97,2.36,172.12,0
2026-06-07,EQ-026,Dump Truck,Jeddah Corniche,7.24,2.39,139.17,0
2026-06-08,EQ-026,Dump Truck,Jeddah Corniche,12.13,0.0,294.88,0
2026-06-09,EQ-026,Dump Truck,Jeddah Corniche,9.03,0.0,189.13,0
2026-06-10,EQ-026,Dump Truck,Jeddah Corniche,5.08,4.67,115.3,0
2026-06-11,EQ-026,Dump Truck,Jeddah Corniche,10.12,0.0,221.37,0
2026-06-12,EQ-026,Dump Truck,Jeddah Corniche,1.42,0.0,33.43,0
2026-06-13,EQ-026,Dump Truck,Jeddah Corniche,8.56,0.0,203.91,0
2026-06-14,EQ-026,Dump Truck,Jeddah Corniche,6.27,0.0,134.62,0
2026-06-15,EQ-026,Dump Truck,Jeddah Corniche,7.91,0.0,188.86,0
2026-06-16,EQ-026,Dump Truck,Jeddah Corniche,10.25,0.0,239.25,0
2026-06-17,EQ-026,Dump Truck,Jeddah Corniche,6.01,4.03,126.36,0
2026-06-18,EQ-026,Dump Truck,Jeddah Corniche,10.01,0.0,204.0,0
2026-06-19,EQ-026,Dump Truck,Jeddah Corniche,1.05,0.0,22.15,0
2026-06-20,EQ-026,Dump Truck,Jeddah Corniche,4.7,4.69,103.12,0
2026-06-21,EQ-026,Dump Truck,Jeddah Corniche,8.8,0.0,210.28,0
2026-06-22,EQ-026,Dump Truck,Jeddah Corniche,7.4,0.0,174.67,0
2026-06-23,EQ-026,Dump Truck,Jeddah Corniche,3.08,5.7,69.4,0
2026-06-24,EQ-026,Dump Truck,Jeddah Corniche,5.61,4.08,132.08,0
2026-06-25,EQ-026,Dump Truck,Jeddah Corniche,5.17,5.23,112.83,0
2026-06-26,EQ-026,Dump Truck,Jeddah Corniche,1.38,0.0,29.7,0
2026-06-27,EQ-026,Dump Truck,Jeddah Corniche,7.31,0.0,162.66,0
2026-06-28,EQ-026,Dump Truck,Jeddah Corniche,7.03,0.0,153.94,0
2026-06-29,EQ-026,Dump Truck,Jeddah Corniche,9.62,0.0,199.76,0
2026-06-30,EQ-026,Dump Truck,Jeddah Corniche,8.07,0.0,177.88,0
2026-07-01,EQ-026,Dump Truck,Jeddah Corniche,9.18,0.0,195.92,0
2026-07-02,EQ-026,Dump Truck,Jeddah Corniche,8.58,0.0,178.54,0
2026-07-03,EQ-026,Dump Truck,Jeddah Corniche,1.25,0.0,28.3,0
2026-07-04,EQ-026,Dump Truck,Jeddah Corniche,5.63,1.71,131.75,0
2026-07-05,EQ-026,Dump Truck,Jeddah Corniche,8.75,0.0,214.11,0
2026-07-06,EQ-026,Dump Truck,Jeddah Corniche,9.68,0.0,219.44,0
2026-07-07,EQ-026,Dump Truck,Jeddah Corniche,8.47,0.0,202.03,0
2026-07-08,EQ-026,Dump Truck,Jeddah Corniche,9.16,3.17,213.56,1
2026-07-09,EQ-026,Dump Truck,Jeddah Corniche,9.3,0.0,186.72,0
2026-07-10,EQ-026,Dump Truck,Jeddah Corniche,1.33,0.0,28.49,0
2026-07-11,EQ-026,Dump Truck,Jeddah Corniche,9.41,0.0,218.12,0
2026-07-12,EQ-026,Dump Truck,Jeddah Corniche,9.8,0.0,194.88,0
2026-07-13,EQ-026,Dump Truck,Jeddah Corniche,9.06,2.09,194.62,0
2026-07-14,EQ-026,Dump Truck,Jeddah Corniche,8.41,0.0,203.07,0
2026-07-15,EQ-026,Dump Truck,Jeddah Corniche,9.53,0.0,218.82,0
2026-07-16,EQ-026,Dump Truck,Jeddah Corniche,4.64,4.45,98.86,0
2026-07-17,EQ-026,Dump Truck,Jeddah Corniche,1.4,0.0,31.99,0
2026-07-18,EQ-026,Dump Truck,Jeddah Corniche,5.99,2.26,126.59,0
2026-07-19,EQ-026,Dump Truck,Jeddah Corniche,8.37,0.0,197.12,0
2026-07-20,EQ-026,Dump Truck,Jeddah Corniche,7.84,0.0,187.57,0
2026-07-21,EQ-026,Dump Truck,Jeddah Corniche,6.46,1.86,150.38,0
2026-07-22,EQ-026,Dump Truck,Jeddah Corniche,10.02,0.0,228.65,0
2026-07-23,EQ-026,Dump Truck,Jeddah Corniche,9.09,0.0,188.54,0
2026-07-24,EQ-026,Dump Truck,Jeddah Corniche,1.58,0.0,33.12,0
2026-07-25,EQ-026,Dump Truck,Jeddah Corniche,6.54,2.51,145.64,0
2026-07-26,EQ-026,Dump Truck,Jeddah Corniche,3.68,4.82,72.08,0
2026-07-27,EQ-026,Dump Truck,Jeddah Corniche,8.55,0.0,176.66,0
2026-07-28,EQ-026,Dump Truck,Jeddah Corniche,6.84,2.95,148.44,0
2026-07-29,EQ-026,Dump Truck,Jeddah Corniche,2.24,5.82,51.1,0
2026-07-30,EQ-026,Dump Truck,Jeddah Corniche,2.93,4.94,69.32,0
2026-07-31,EQ-026,Dump Truck,Jeddah Corniche,1.15,0.0,25.93,0
2026-08-01,EQ-026,Dump Truck,Jeddah Corniche,4.96,5.45,123.04,0
2026-08-02,EQ-026,Dump Truck,Jeddah Corniche,6.26,2.39,141.82,0
2026-08-03,EQ-026,Dump Truck,Jeddah Corniche,6.19,0.0,140.63,0
2026-08-04,EQ-026,Dump Truck,Jeddah Corniche,3.23,4.2,68.52,0
2026-08-05,EQ-026,Dump Truck,Jeddah Corniche,7.84,0.0,160.76,0
2026-08-06,EQ-026,Dump Truck,Jeddah Corniche,5.42,3.45,133.34,0
2026-08-07,EQ-026,Dump Truck,Jeddah Corniche,0.0,5.62,0.0,0
2026-08-08,EQ-026,Dump Truck,Jeddah Corniche,10.42,0.0,222.49,0
2026-08-09,EQ-026,Dump Truck,Jeddah Corniche,9.67,0.0,204.62,0
2026-08-10,EQ-026,Dump Truck,Jeddah Corniche,6.83,2.91,156.11,0
2026-08-11,EQ-026,Dump Truck,Jeddah Corniche,9.81,0.0,222.7,0
2026-08-12,EQ-026,Dump Truck,Jeddah Corniche,7.78,0.0,197.06,0
2026-08-13,EQ-026,Dump Truck,Jeddah Corniche,8.7,0.0,206.75,0
2026-08-14,EQ-026,Dump Truck,Jeddah Corniche,1.18,0.0,28.22,0
2026-08-15,EQ-026,Dump Truck,Jeddah Corniche,6.74,2.31,144.17,0
2026-08-16,EQ-026,Dump Truck,Jeddah Corniche,5.68,5.16,140.61,0
2026-08-17,EQ-026,Dump Truck,Jeddah Corniche,7.98,0.0,180.31,0
2026-08-18,EQ-026,Dump Truck,Jeddah Corniche,4.56,3.41,98.61,0
2026-08-19,EQ-026,Dump Truck,Jeddah Corniche,9.06,0.0,190.7,0
2026-08-20,EQ-026,Dump Truck,Jeddah Corniche,4.14,5.06,90.32,0
2026-08-21,EQ-026,Dump Truck,Jeddah Corniche,0.0,1.6,0.0,0
2026-08-22,EQ-026,Dump Truck,Jeddah Corniche,8.12,0.0,168.01,0
2026-08-23,EQ-026,Dump Truck,Jeddah Corniche,10.96,0.0,243.99,0
2026-08-24,EQ-026,Dump Truck,Jeddah Corniche,8.42,0.0,169.48,0
2026-08-25,EQ-026,Dump Truck,Jeddah Corniche,8.8,4.21,189.76,1
2026-08-26,EQ-026,Dump Truck,Jeddah Corniche,7.65,0.0,178.0,0
2026-08-27,EQ-026,Dump Truck,Jeddah Corniche,10.58,0.0,243.79,0
2026-08-28,EQ-026,Dump Truck,Jeddah Corniche,1.27,0.0,30.15,0
2026-08-29,EQ-026,Dump Truck,Jeddah Corniche,9.08,0.0,194.6,0
2026-06-01,EQ-027,Bulldozer,Dammam Port Rd,6.11,1.2,113.42,0
2026-06-02,EQ-027,Bulldozer,Dammam Port Rd,6.87,0.0,125.6,0
2026-06-03,EQ-027,Bulldozer,Dammam Port Rd,8.19,0.0,164.4,0
2026-06-04,EQ-027,Bulldozer,Dammam Port Rd,8.0,0.0,174.5,0
2026-06-05,EQ-027,Bulldozer,Dammam Port Rd,0.0,1.17,0.0,0
2026-06-06,EQ-027,Bulldozer,Dammam Port Rd,7.13,0.0,143.14,0
2026-06-07,EQ-027,Bulldozer,Dammam Port Rd,7.43,0.0,150.16,0
2026-06-08,EQ-027,Bulldozer,Dammam Port Rd,6.74,0.0,141.07,0
2026-06-09,EQ-027,Bulldozer,Dammam Port Rd,6.46,0.0,125.01,0
2026-06-10,EQ-027,Bulldozer,Dammam Port Rd,6.18,2.27,119.69,0
2026-06-11,EQ-027,Bulldozer,Dammam Port Rd,7.52,0.0,157.19,0
2026-06-12,EQ-027,Bulldozer,Dammam Port Rd,1.16,0.0,20.91,0
2026-06-13,EQ-027,Bulldozer,Dammam Port Rd,5.93,0.0,112.63,0
2026-06-14,EQ-027,Bulldozer,Dammam Port Rd,5.68,0.0,102.95,0
2026-06-15,EQ-027,Bulldozer,Dammam Port Rd,6.52,0.0,123.18,0
2026-06-16,EQ-027,Bulldozer,Dammam Port Rd,6.84,0.0,147.14,0
2026-06-17,EQ-027,Bulldozer,Dammam Port Rd,6.53,0.0,132.39,0
2026-06-18,EQ-027,Bulldozer,Dammam Port Rd,2.7,2.46,53.51,0
2026-06-19,EQ-027,Bulldozer,Dammam Port Rd,0.0,1.23,0.0,0
2026-06-20,EQ-027,Bulldozer,Dammam Port Rd,7.15,3.13,135.35,1
2026-06-21,EQ-027,Bulldozer,Dammam Port Rd,6.69,0.0,119.95,0
2026-06-22,EQ-027,Bulldozer,Dammam Port Rd,5.51,0.0,108.09,0
2026-06-23,EQ-027,Bulldozer,Dammam Port Rd,4.46,0.0,71.97,0
2026-06-24,EQ-027,Bulldozer,Dammam Port Rd,6.59,0.0,123.48,0
2026-06-25,EQ-027,Bulldozer,Dammam Port Rd,5.83,0.0,102.24,0
2026-06-26,EQ-027,Bulldozer,Dammam Port Rd,0.74,0.0,14.01,0
2026-06-27,EQ-027,Bulldozer,Dammam Port Rd,5.91,0.0,119.94,0
2026-06-28,EQ-027,Bulldozer,Dammam Port Rd,6.0,0.0,121.75,0
2026-06-29,EQ-027,Bulldozer,Dammam Port Rd,6.3,0.0,130.38,0
2026-06-30,EQ-027,Bulldozer,Dammam Port Rd,5.73,0.0,123.0,0
2026-07-01,EQ-027,Bulldozer,Dammam Port Rd,5.31,0.0,116.92,0
2026-07-02,EQ-027,Bulldozer,Dammam Port Rd,6.67,0.0,112.93,0
2026-07-03,EQ-027,Bulldozer,Dammam Port Rd,1.04,0.0,19.67,0
2026-07-04,EQ-027,Bulldozer,Dammam Port Rd,6.95,0.0,134.84,0
2026-07-05,EQ-027,Bulldozer,Dammam Port Rd,6.29,0.0,124.78,0
2026-07-06,EQ-027,Bulldozer,Dammam Port Rd,6.75,0.0,146.83,0
2026-07-07,EQ-027,Bulldozer,Dammam Port Rd,5.24,1.49,96.69,0
2026-07-08,EQ-027,Bulldozer,Dammam Port Rd,6.34,0.0,123.9,0
2026-07-09,EQ-027,Bulldozer,Dammam Port Rd,5.9,0.0,113.31,0
2026-07-10,EQ-027,Bulldozer,Dammam Port Rd,0.75,0.0,15.3,0
2026-07-11,EQ-027,Bulldozer,Dammam Port Rd,5.36,0.0,101.28,0
2026-07-12,EQ-027,Bulldozer,Dammam Port Rd,5.55,0.0,107.98,0
2026-07-13,EQ-027,Bulldozer,Dammam Port Rd,6.13,0.0,129.28,0
2026-07-14,EQ-027,Bulldozer,Dammam Port Rd,5.52,0.0,105.44,0
2026-07-15,EQ-027,Bulldozer,Dammam Port Rd,4.77,0.0,99.54,0
2026-07-16,EQ-027,Bulldozer,Dammam Port Rd,4.39,0.0,73.22,0
2026-07-17,EQ-027,Bulldozer,Dammam Port Rd,0.71,0.0,14.04,0
2026-07-18,EQ-027,Bulldozer,Dammam Port Rd,5.25,0.0,102.06,0
2026-07-19,EQ-027,Bulldozer,Dammam Port Rd,5.38,0.0,114.76,0
2026-07-20,EQ-027,Bulldozer,Dammam Port Rd,4.88,0.0,88.5,0
2026-07-21,EQ-027,Bulldozer,Dammam Port Rd,4.84,0.0,84.22,0
2026-07-22,EQ-027,Bulldozer,Dammam Port Rd,4.09,0.0,80.26,0
2026-07-23,EQ-027,Bulldozer,Dammam Port Rd,5.07,0.0,88.73,0
2026-07-24,EQ-027,Bulldozer,Dammam Port Rd,0.84,0.0,16.08,0
2026-07-25,EQ-027,Bulldozer,Dammam Port Rd,4.76,0.0,90.32,0
2026-07-26,EQ-027,Bulldozer,Dammam Port Rd,3.35,0.0,63.55,0
2026-07-27,EQ-027,Bulldozer,Dammam Port Rd,4.12,0.0,75.37,0
2026-07-28,EQ-027,Bulldozer,Dammam Port Rd,4.87,0.0,104.03,0
2026-07-29,EQ-027,Bulldozer,Dammam Port Rd,4.5,0.0,88.95,0
2026-07-30,EQ-027,Bulldozer,Dammam Port Rd,4.87,0.0,79.35,0
2026-07-31,EQ-027,Bulldozer,Dammam Port Rd,0.72,0.0,14.79,0
2026-08-01,EQ-027,Bulldozer,Dammam Port Rd,4.08,0.0,78.9,0
2026-08-02,EQ-027,Bulldozer,Dammam Port Rd,4.7,4.31,105.23,1
2026-08-03,EQ-027,Bulldozer,Dammam Port Rd,3.9,0.0,86.37,0
2026-08-04,EQ-027,Bulldozer,Dammam Port Rd,4.59,0.0,111.83,0
2026-08-05,EQ-027,Bulldozer,Dammam Port Rd,4.47,0.0,88.19,0
2026-08-06,EQ-027,Bulldozer,Dammam Port Rd,3.54,0.0,68.9,0
2026-08-07,EQ-027,Bulldozer,Dammam Port Rd,0.56,0.0,12.54,0
2026-08-08,EQ-027,Bulldozer,Dammam Port Rd,4.3,0.0,90.48,0
2026-08-09,EQ-027,Bulldozer,Dammam Port Rd,4.36,0.0,91.28,0
2026-08-10,EQ-027,Bulldozer,Dammam Port Rd,4.09,0.0,86.02,0
2026-08-11,EQ-027,Bulldozer,Dammam Port Rd,4.05,0.0,89.74,0
2026-08-12,EQ-027,Bulldozer,Dammam Port Rd,3.6,0.0,74.12,0
2026-08-13,EQ-027,Bulldozer,Dammam Port Rd,3.47,0.0,67.77,0
2026-08-14,EQ-027,Bulldozer,Dammam Port Rd,0.53,0.0,10.02,0
2026-08-15,EQ-027,Bulldozer,Dammam Port Rd,3.91,0.0,81.23,0
2026-08-16,EQ-027,Bulldozer,Dammam Port Rd,2.16,0.0,41.53,0
2026-08-17,EQ-027,Bulldozer,Dammam Port Rd,3.91,0.0,77.24,0
2026-08-18,EQ-027,Bulldozer,Dammam Port Rd,1.59,1.96,31.68,0
2026-08-19,EQ-027,Bulldozer,Dammam Port Rd,4.17,0.0,87.22,0
2026-08-20,EQ-027,Bulldozer,Dammam Port Rd,2.5,0.0,48.39,0
2026-08-21,EQ-027,Bulldozer,Dammam Port Rd,0.58,0.0,10.58,0
2026-08-22,EQ-027,Bulldozer,Dammam Port Rd,4.48,0.0,96.68,0
2026-08-23,EQ-027,Bulldozer,Dammam Port Rd,3.41,0.0,68.06,0
2026-08-24,EQ-027,Bulldozer,Dammam Port Rd,2.61,0.0,48.3,0
2026-08-25,EQ-027,Bulldozer,Dammam Port Rd,3.04,0.0,61.97,0
2026-08-26,EQ-027,Bulldozer,Dammam Port Rd,2.44,0.0,48.8,0
2026-08-27,EQ-027,Bulldozer,Dammam Port Rd,2.88,0.0,56.86,0
2026-08-28,EQ-027,Bulldozer,Dammam Port Rd,0.38,0.0,7.56,0
2026-08-29,EQ-027,Bulldozer,Dammam Port Rd,3.01,0.0,65.18,0
2026-06-01,EQ-028,Dump Truck,Riyadh Metro Ext.,8.37,0.0,175.4,0
2026-06-02,EQ-028,Dump Truck,Riyadh Metro Ext.,10.59,0.0,228.87,0
2026-06-03,EQ-028,Dump Truck,Riyadh Metro Ext.,10.65,0.0,229.88,0
2026-06-04,EQ-028,Dump Truck,Riyadh Metro Ext.,8.8,0.0,182.35,0
2026-06-05,EQ-028,Dump Truck,Riyadh Metro Ext.,1.35,0.0,26.21,0
2026-06-06,EQ-028,Dump Truck,Riyadh Metro Ext.,8.77,0.0,206.89,0
2026-06-07,EQ-028,Dump Truck,Riyadh Metro Ext.,6.79,0.0,144.27,0
2026-06-08,EQ-028,Dump Truck,Riyadh Metro Ext.,10.15,0.0,251.43,0
2026-06-09,EQ-028,Dump Truck,Riyadh Metro Ext.,9.79,0.0,219.1,0
2026-06-10,EQ-028,Dump Truck,Riyadh Metro Ext.,8.58,0.0,171.06,0
2026-06-11,EQ-028,Dump Truck,Riyadh Metro Ext.,8.01,0.0,191.38,0
2026-06-12,EQ-028,Dump Truck,Riyadh Metro Ext.,0.95,0.0,20.77,0
2026-06-13,EQ-028,Dump Truck,Riyadh Metro Ext.,6.74,0.0,132.39,0
2026-06-14,EQ-028,Dump Truck,Riyadh Metro Ext.,8.98,0.0,206.23,0
2026-06-15,EQ-028,Dump Truck,Riyadh Metro Ext.,8.34,0.0,178.19,0
2026-06-16,EQ-028,Dump Truck,Riyadh Metro Ext.,9.04,0.0,187.9,0
2026-06-17,EQ-028,Dump Truck,Riyadh Metro Ext.,10.08,0.0,208.3,0
2026-06-18,EQ-028,Dump Truck,Riyadh Metro Ext.,8.35,0.0,181.97,0
2026-06-19,EQ-028,Dump Truck,Riyadh Metro Ext.,1.22,0.0,30.99,0
2026-06-20,EQ-028,Dump Truck,Riyadh Metro Ext.,9.25,0.0,218.3,0
2026-06-21,EQ-028,Dump Truck,Riyadh Metro Ext.,8.27,0.0,165.67,0
2026-06-22,EQ-028,Dump Truck,Riyadh Metro Ext.,8.75,0.0,187.16,0
2026-06-23,EQ-028,Dump Truck,Riyadh Metro Ext.,7.51,0.59,163.91,0
2026-06-24,EQ-028,Dump Truck,Riyadh Metro Ext.,6.76,0.0,132.96,0
2026-06-25,EQ-028,Dump Truck,Riyadh Metro Ext.,9.29,0.0,208.11,0
2026-06-26,EQ-028,Dump Truck,Riyadh Metro Ext.,1.21,0.0,25.71,0
2026-06-27,EQ-028,Dump Truck,Riyadh Metro Ext.,7.63,0.0,177.57,0
2026-06-28,EQ-028,Dump Truck,Riyadh Metro Ext.,10.14,0.0,241.46,0
2026-06-29,EQ-028,Dump Truck,Riyadh Metro Ext.,8.41,0.0,178.35,0
2026-06-30,EQ-028,Dump Truck,Riyadh Metro Ext.,8.73,0.0,188.03,0
2026-07-01,EQ-028,Dump Truck,Riyadh Metro Ext.,9.11,0.0,225.04,0
2026-07-02,EQ-028,Dump Truck,Riyadh Metro Ext.,7.61,0.0,156.71,0
2026-07-03,EQ-028,Dump Truck,Riyadh Metro Ext.,1.25,0.0,30.31,0
2026-07-04,EQ-028,Dump Truck,Riyadh Metro Ext.,8.16,0.0,164.96,0
2026-07-05,EQ-028,Dump Truck,Riyadh Metro Ext.,10.57,3.09,230.76,1
2026-07-06,EQ-028,Dump Truck,Riyadh Metro Ext.,7.43,0.0,169.79,0
2026-07-07,EQ-028,Dump Truck,Riyadh Metro Ext.,6.52,0.0,159.7,0
2026-07-08,EQ-028,Dump Truck,Riyadh Metro Ext.,6.38,2.36,129.7,0
2026-07-09,EQ-028,Dump Truck,Riyadh Metro Ext.,8.65,0.0,177.59,0
2026-07-10,EQ-028,Dump Truck,Riyadh Metro Ext.,1.18,0.0,24.09,0
2026-07-11,EQ-028,Dump Truck,Riyadh Metro Ext.,10.29,0.0,226.06,0
2026-07-12,EQ-028,Dump Truck,Riyadh Metro Ext.,9.67,0.0,221.29,0
2026-07-13,EQ-028,Dump Truck,Riyadh Metro Ext.,6.54,0.0,119.1,0
2026-07-14,EQ-028,Dump Truck,Riyadh Metro Ext.,8.73,0.0,200.38,0
2026-07-15,EQ-028,Dump Truck,Riyadh Metro Ext.,7.44,0.0,155.83,0
2026-07-16,EQ-028,Dump Truck,Riyadh Metro Ext.,9.22,0.0,202.73,0
2026-07-17,EQ-028,Dump Truck,Riyadh Metro Ext.,1.41,0.0,32.07,0
2026-07-18,EQ-028,Dump Truck,Riyadh Metro Ext.,9.27,0.0,176.27,0
2026-07-19,EQ-028,Dump Truck,Riyadh Metro Ext.,6.98,2.18,158.82,0
2026-07-20,EQ-028,Dump Truck,Riyadh Metro Ext.,10.7,0.0,244.55,0
2026-07-21,EQ-028,Dump Truck,Riyadh Metro Ext.,7.27,0.0,159.2,0
2026-07-22,EQ-028,Dump Truck,Riyadh Metro Ext.,10.48,0.0,226.55,0
2026-07-23,EQ-028,Dump Truck,Riyadh Metro Ext.,10.27,0.0,208.41,0
2026-07-24,EQ-028,Dump Truck,Riyadh Metro Ext.,0.04,1.77,0.8,0
2026-07-25,EQ-028,Dump Truck,Riyadh Metro Ext.,7.26,2.06,157.12,0
2026-07-26,EQ-028,Dump Truck,Riyadh Metro Ext.,7.66,0.0,165.94,0
2026-07-27,EQ-028,Dump Truck,Riyadh Metro Ext.,9.72,0.0,208.45,0
2026-07-28,EQ-028,Dump Truck,Riyadh Metro Ext.,8.45,0.0,183.89,0
2026-07-29,EQ-028,Dump Truck,Riyadh Metro Ext.,8.51,0.0,171.57,0
2026-07-30,EQ-028,Dump Truck,Riyadh Metro Ext.,8.31,0.0,190.74,0
2026-07-31,EQ-028,Dump Truck,Riyadh Metro Ext.,1.19,0.0,24.55,0
2026-08-01,EQ-028,Dump Truck,Riyadh Metro Ext.,9.67,0.0,210.67,0
2026-08-02,EQ-028,Dump Truck,Riyadh Metro Ext.,7.35,0.0,171.38,0
2026-08-03,EQ-028,Dump Truck,Riyadh Metro Ext.,7.49,0.0,166.04,0
2026-08-04,EQ-028,Dump Truck,Riyadh Metro Ext.,9.45,0.0,194.36,0
2026-08-05,EQ-028,Dump Truck,Riyadh Metro Ext.,7.83,0.0,164.66,0
2026-08-06,EQ-028,Dump Truck,Riyadh Metro Ext.,5.7,0.0,116.3,0
2026-08-07,EQ-028,Dump Truck,Riyadh Metro Ext.,1.43,0.0,31.59,0
2026-08-08,EQ-028,Dump Truck,Riyadh Metro Ext.,10.19,0.0,249.21,0
2026-08-09,EQ-028,Dump Truck,Riyadh Metro Ext.,7.73,0.0,177.97,0
2026-08-10,EQ-028,Dump Truck,Riyadh Metro Ext.,8.77,0.0,187.14,0
2026-08-11,EQ-028,Dump Truck,Riyadh Metro Ext.,11.48,0.0,257.62,0
2026-08-12,EQ-028,Dump Truck,Riyadh Metro Ext.,9.66,0.0,194.92,0
2026-08-13,EQ-028,Dump Truck,Riyadh Metro Ext.,7.43,0.0,166.5,0
2026-08-14,EQ-028,Dump Truck,Riyadh Metro Ext.,0.0,2.23,0.0,0
2026-08-15,EQ-028,Dump Truck,Riyadh Metro Ext.,8.1,2.51,190.53,1
2026-08-16,EQ-028,Dump Truck,Riyadh Metro Ext.,9.47,0.0,217.06,0
2026-08-17,EQ-028,Dump Truck,Riyadh Metro Ext.,9.76,0.0,246.44,0
2026-08-18,EQ-028,Dump Truck,Riyadh Metro Ext.,6.97,0.0,145.35,0
2026-08-19,EQ-028,Dump Truck,Riyadh Metro Ext.,9.21,0.0,199.24,0
2026-08-20,EQ-028,Dump Truck,Riyadh Metro Ext.,10.23,0.0,208.72,0
2026-08-21,EQ-028,Dump Truck,Riyadh Metro Ext.,1.17,0.0,23.44,0
2026-08-22,EQ-028,Dump Truck,Riyadh Metro Ext.,8.94,0.0,185.89,0
2026-08-23,EQ-028,Dump Truck,Riyadh Metro Ext.,10.05,0.0,237.51,0
2026-08-24,EQ-028,Dump Truck,Riyadh Metro Ext.,8.77,0.0,185.25,0
2026-08-25,EQ-028,Dump Truck,Riyadh Metro Ext.,8.99,0.0,192.12,0
2026-08-26,EQ-028,Dump Truck,Riyadh Metro Ext.,9.62,0.0,222.93,0
2026-08-27,EQ-028,Dump Truck,Riyadh Metro Ext.,8.3,0.0,183.47,0
2026-08-28,EQ-028,Dump Truck,Riyadh Metro Ext.,1.62,0.0,32.03,0
2026-08-29,EQ-028,Dump Truck,Riyadh Metro Ext.,8.26,0.0,164.14,0
2026-06-01,EQ-029,Bulldozer,Dammam Port Rd,7.49,0.0,145.84,0
2026-06-02,EQ-029,Bulldozer,Dammam Port Rd,6.74,0.0,127.82,0
2026-06-03,EQ-029,Bulldozer,Dammam Port Rd,4.81,1.03,109.83,0
2026-06-04,EQ-029,Bulldozer,Dammam Port Rd,6.73,0.0,144.82,0
2026-06-05,EQ-029,Bulldozer,Dammam Port Rd,1.0,0.0,21.11,0
2026-06-06,EQ-029,Bulldozer,Dammam Port Rd,7.92,0.0,145.83,0
2026-06-07,EQ-029,Bulldozer,Dammam Port Rd,4.28,0.0,83.99,0
2026-06-08,EQ-029,Bulldozer,Dammam Port Rd,6.96,0.0,128.58,0
2026-06-09,EQ-029,Bulldozer,Dammam Port Rd,6.56,0.0,132.22,0
2026-06-10,EQ-029,Bulldozer,Dammam Port Rd,7.71,0.0,153.95,0
2026-06-11,EQ-029,Bulldozer,Dammam Port Rd,8.25,0.0,145.64,0
2026-06-12,EQ-029,Bulldozer,Dammam Port Rd,0.98,0.0,19.69,0
2026-06-13,EQ-029,Bulldozer,Dammam Port Rd,6.04,0.0,135.44,0
2026-06-14,EQ-029,Bulldozer,Dammam Port Rd,6.26,0.0,133.09,0
2026-06-15,EQ-029,Bulldozer,Dammam Port Rd,6.01,0.0,113.98,0
2026-06-16,EQ-029,Bulldozer,Dammam Port Rd,6.17,0.0,128.44,0
2026-06-17,EQ-029,Bulldozer,Dammam Port Rd,7.52,0.0,156.04,0
2026-06-18,EQ-029,Bulldozer,Dammam Port Rd,5.4,2.04,97.14,0
2026-06-19,EQ-029,Bulldozer,Dammam Port Rd,1.08,0.0,21.07,0
2026-06-20,EQ-029,Bulldozer,Dammam Port Rd,7.89,0.0,175.94,0
2026-06-21,EQ-029,Bulldozer,Dammam Port Rd,6.48,0.0,125.95,0
2026-06-22,EQ-029,Bulldozer,Dammam Port Rd,4.73,0.0,96.81,0
2026-06-23,EQ-029,Bulldozer,Dammam Port Rd,7.09,0.0,120.08,0
2026-06-24,EQ-029,Bulldozer,Dammam Port Rd,4.78,2.72,88.36,1
2026-06-25,EQ-029,Bulldozer,Dammam Port Rd,5.36,0.0,111.86,0
2026-06-26,EQ-029,Bulldozer,Dammam Port Rd,0.81,0.0,16.38,0
2026-06-27,EQ-029,Bulldozer,Dammam Port Rd,6.66,0.0,139.28,0
2026-06-28,EQ-029,Bulldozer,Dammam Port Rd,7.7,0.0,172.73,0
2026-06-29,EQ-029,Bulldozer,Dammam Port Rd,5.5,0.0,113.83,0
2026-06-30,EQ-029,Bulldozer,Dammam Port Rd,5.02,0.0,100.36,0
2026-07-01,EQ-029,Bulldozer,Dammam Port Rd,5.18,0.0,104.68,0
2026-07-02,EQ-029,Bulldozer,Dammam Port Rd,5.88,0.0,116.88,0
2026-07-03,EQ-029,Bulldozer,Dammam Port Rd,0.83,0.0,15.91,0
2026-07-04,EQ-029,Bulldozer,Dammam Port Rd,8.34,0.0,159.91,0
2026-07-05,EQ-029,Bulldozer,Dammam Port Rd,5.33,0.0,96.76,0
2026-07-06,EQ-029,Bulldozer,Dammam Port Rd,6.14,0.0,125.71,0
2026-07-07,EQ-029,Bulldozer,Dammam Port Rd,6.83,0.0,132.24,0
2026-07-08,EQ-029,Bulldozer,Dammam Port Rd,5.83,0.0,117.32,0
2026-07-09,EQ-029,Bulldozer,Dammam Port Rd,4.89,0.0,86.24,0
2026-07-10,EQ-029,Bulldozer,Dammam Port Rd,0.89,0.0,17.91,0
2026-07-11,EQ-029,Bulldozer,Dammam Port Rd,4.42,0.0,95.56,0
2026-07-12,EQ-029,Bulldozer,Dammam Port Rd,5.96,0.0,132.27,0
2026-07-13,EQ-029,Bulldozer,Dammam Port Rd,4.73,0.0,84.94,0
2026-07-14,EQ-029,Bulldozer,Dammam Port Rd,5.99,0.0,111.97,0
2026-07-15,EQ-029,Bulldozer,Dammam Port Rd,5.82,0.0,123.88,0
2026-07-16,EQ-029,Bulldozer,Dammam Port Rd,5.43,0.0,112.62,0
2026-07-17,EQ-029,Bulldozer,Dammam Port Rd,0.82,0.0,16.59,0
2026-07-18,EQ-029,Bulldozer,Dammam Port Rd,5.84,0.0,115.81,0
2026-07-19,EQ-029,Bulldozer,Dammam Port Rd,3.97,0.0,88.54,0
2026-07-20,EQ-029,Bulldozer,Dammam Port Rd,4.67,0.0,98.28,0
2026-07-21,EQ-029,Bulldozer,Dammam Port Rd,0.93,2.42,14.83,0
2026-07-22,EQ-029,Bulldozer,Dammam Port Rd,4.18,0.0,89.39,0
2026-07-23,EQ-029,Bulldozer,Dammam Port Rd,3.91,1.28,81.26,0
2026-07-24,EQ-029,Bulldozer,Dammam Port Rd,0.69,0.0,13.2,0
2026-07-25,EQ-029,Bulldozer,Dammam Port Rd,5.77,0.0,126.55,0
2026-07-26,EQ-029,Bulldozer,Dammam Port Rd,4.44,0.0,90.0,0
2026-07-27,EQ-029,Bulldozer,Dammam Port Rd,3.98,0.0,82.69,0
2026-07-28,EQ-029,Bulldozer,Dammam Port Rd,4.89,0.0,100.81,0
2026-07-29,EQ-029,Bulldozer,Dammam Port Rd,3.8,0.0,83.36,0
2026-07-30,EQ-029,Bulldozer,Dammam Port Rd,5.74,0.0,103.65,0
2026-07-31,EQ-029,Bulldozer,Dammam Port Rd,0.7,0.0,13.08,0
2026-08-01,EQ-029,Bulldozer,Dammam Port Rd,4.41,0.0,91.97,0
2026-08-02,EQ-029,Bulldozer,Dammam Port Rd,6.15,0.0,114.4,0
2026-08-03,EQ-029,Bulldozer,Dammam Port Rd,5.2,0.0,102.61,0
2026-08-04,EQ-029,Bulldozer,Dammam Port Rd,4.25,0.0,88.76,0
2026-08-05,EQ-029,Bulldozer,Dammam Port Rd,4.56,0.0,98.97,0
2026-08-06,EQ-029,Bulldozer,Dammam Port Rd,6.91,0.0,139.07,0
2026-08-07,EQ-029,Bulldozer,Dammam Port Rd,0.49,0.0,9.72,0
2026-08-08,EQ-029,Bulldozer,Dammam Port Rd,2.56,4.37,55.68,1
2026-08-09,EQ-029,Bulldozer,Dammam Port Rd,3.27,0.0,65.12,0
2026-08-10,EQ-029,Bulldozer,Dammam Port Rd,2.9,0.0,62.06,0
2026-08-11,EQ-029,Bulldozer,Dammam Port Rd,2.42,0.0,47.96,0
2026-08-12,EQ-029,Bulldozer,Dammam Port Rd,3.24,1.12,68.13,0
2026-08-13,EQ-029,Bulldozer,Dammam Port Rd,3.56,0.0,65.69,0
2026-08-14,EQ-029,Bulldozer,Dammam Port Rd,0.45,0.0,9.09,0
2026-08-15,EQ-029,Bulldozer,Dammam Port Rd,1.93,2.38,42.19,0
2026-08-16,EQ-029,Bulldozer,Dammam Port Rd,2.8,0.0,61.14,0
2026-08-17,EQ-029,Bulldozer,Dammam Port Rd,4.15,0.0,78.3,0
2026-08-18,EQ-029,Bulldozer,Dammam Port Rd,3.48,0.0,64.9,0
2026-08-19,EQ-029,Bulldozer,Dammam Port Rd,3.92,0.0,72.57,0
2026-08-20,EQ-029,Bulldozer,Dammam Port Rd,3.88,0.0,85.77,0
2026-08-21,EQ-029,Bulldozer,Dammam Port Rd,0.56,0.0,11.67,0
2026-08-22,EQ-029,Bulldozer,Dammam Port Rd,3.93,0.0,77.99,0
2026-08-23,EQ-029,Bulldozer,Dammam Port Rd,3.33,0.0,68.65,0
2026-08-24,EQ-029,Bulldozer,Dammam Port Rd,3.63,0.0,71.8,0
2026-08-25,EQ-029,Bulldozer,Dammam Port Rd,2.87,0.0,58.75,0
2026-08-26,EQ-029,Bulldozer,Dammam Port Rd,2.68,0.0,47.03,0
2026-08-27,EQ-029,Bulldozer,Dammam Port Rd,3.17,0.0,60.81,0
2026-08-28,EQ-029,Bulldozer,Dammam Port Rd,0.58,0.0,12.23,0
2026-08-29,EQ-029,Bulldozer,Dammam Port Rd,4.12,0.0,82.16,0
2026-06-01,EQ-030,Wheel Loader,Dammam Port Rd,6.64,0.0,90.27,0
2026-06-02,EQ-030,Wheel Loader,Dammam Port Rd,7.13,0.0,97.51,0
2026-06-03,EQ-030,Wheel Loader,Dammam Port Rd,7.77,0.0,99.38,0
2026-06-04,EQ-030,Wheel Loader,Dammam Port Rd,7.04,0.0,97.18,0
2026-06-05,EQ-030,Wheel Loader,Dammam Port Rd,1.49,0.0,18.5,0
2026-06-06,EQ-030,Wheel Loader,Dammam Port Rd,8.22,0.0,114.05,0
2026-06-07,EQ-030,Wheel Loader,Dammam Port Rd,6.28,0.0,81.36,0
2026-06-08,EQ-030,Wheel Loader,Dammam Port Rd,8.38,0.0,122.29,0
2026-06-09,EQ-030,Wheel Loader,Dammam Port Rd,9.51,0.0,127.96,0
2026-06-10,EQ-030,Wheel Loader,Dammam Port Rd,8.77,0.0,124.15,0
2026-06-11,EQ-030,Wheel Loader,Dammam Port Rd,6.02,0.0,84.56,0
2026-06-12,EQ-030,Wheel Loader,Dammam Port Rd,1.17,0.0,17.0,0
2026-06-13,EQ-030,Wheel Loader,Dammam Port Rd,6.46,0.0,88.15,0
2026-06-14,EQ-030,Wheel Loader,Dammam Port Rd,6.08,0.0,79.6,0
2026-06-15,EQ-030,Wheel Loader,Dammam Port Rd,8.63,0.0,119.59,0
2026-06-16,EQ-030,Wheel Loader,Dammam Port Rd,7.84,0.0,99.84,0
2026-06-17,EQ-030,Wheel Loader,Dammam Port Rd,7.58,0.0,98.01,0
2026-06-18,EQ-030,Wheel Loader,Dammam Port Rd,7.98,0.0,101.96,0
2026-06-19,EQ-030,Wheel Loader,Dammam Port Rd,0.96,0.0,15.08,0
2026-06-20,EQ-030,Wheel Loader,Dammam Port Rd,7.94,0.0,115.59,0
2026-06-21,EQ-030,Wheel Loader,Dammam Port Rd,5.52,0.0,77.89,0
2026-06-22,EQ-030,Wheel Loader,Dammam Port Rd,7.35,0.0,104.64,0
2026-06-23,EQ-030,Wheel Loader,Dammam Port Rd,6.91,0.0,94.69,0
2026-06-24,EQ-030,Wheel Loader,Dammam Port Rd,6.34,0.0,91.32,0
2026-06-25,EQ-030,Wheel Loader,Dammam Port Rd,6.92,0.0,90.1,0
2026-06-26,EQ-030,Wheel Loader,Dammam Port Rd,1.06,0.0,15.0,0
2026-06-27,EQ-030,Wheel Loader,Dammam Port Rd,6.2,0.0,79.96,0
2026-06-28,EQ-030,Wheel Loader,Dammam Port Rd,7.85,0.0,104.72,0
2026-06-29,EQ-030,Wheel Loader,Dammam Port Rd,3.94,2.4,54.37,0
2026-06-30,EQ-030,Wheel Loader,Dammam Port Rd,6.6,0.0,87.66,0
2026-07-01,EQ-030,Wheel Loader,Dammam Port Rd,6.59,3.96,82.17,1
2026-07-02,EQ-030,Wheel Loader,Dammam Port Rd,6.3,0.0,88.46,0
2026-07-03,EQ-030,Wheel Loader,Dammam Port Rd,0.98,0.0,12.6,0
2026-07-04,EQ-030,Wheel Loader,Dammam Port Rd,5.92,0.0,85.67,0
2026-07-05,EQ-030,Wheel Loader,Dammam Port Rd,6.61,0.0,96.56,0
2026-07-06,EQ-030,Wheel Loader,Dammam Port Rd,7.17,0.0,93.45,0
2026-07-07,EQ-030,Wheel Loader,Dammam Port Rd,5.79,0.0,83.42,0
2026-07-08,EQ-030,Wheel Loader,Dammam Port Rd,6.39,0.0,87.14,0
2026-07-09,EQ-030,Wheel Loader,Dammam Port Rd,3.71,2.1,48.33,0
2026-07-10,EQ-030,Wheel Loader,Dammam Port Rd,0.99,0.0,14.31,0
2026-07-11,EQ-030,Wheel Loader,Dammam Port Rd,5.7,0.0,77.43,0
2026-07-12,EQ-030,Wheel Loader,Dammam Port Rd,5.97,0.0,78.45,0
2026-07-13,EQ-030,Wheel Loader,Dammam Port Rd,3.64,2.06,49.42,0
2026-07-14,EQ-030,Wheel Loader,Dammam Port Rd,6.66,0.0,96.92,0
2026-07-15,EQ-030,Wheel Loader,Dammam Port Rd,5.92,0.0,85.89,0
2026-07-16,EQ-030,Wheel Loader,Dammam Port Rd,4.41,0.0,59.58,0
2026-07-17,EQ-030,Wheel Loader,Dammam Port Rd,0.83,0.0,11.76,0
2026-07-18,EQ-030,Wheel Loader,Dammam Port Rd,6.26,0.0,83.88,0
2026-07-19,EQ-030,Wheel Loader,Dammam Port Rd,5.81,0.0,67.49,0
2026-07-20,EQ-030,Wheel Loader,Dammam Port Rd,7.02,0.0,103.0,0
2026-07-21,EQ-030,Wheel Loader,Dammam Port Rd,5.22,0.0,76.51,0
2026-07-22,EQ-030,Wheel Loader,Dammam Port Rd,4.83,0.0,66.53,0
2026-07-23,EQ-030,Wheel Loader,Dammam Port Rd,4.16,0.89,61.78,0
2026-07-24,EQ-030,Wheel Loader,Dammam Port Rd,0.64,0.0,10.33,0
2026-07-25,EQ-030,Wheel Loader,Dammam Port Rd,6.37,0.0,88.71,0
2026-07-26,EQ-030,Wheel Loader,Dammam Port Rd,4.82,1.13,74.66,0
2026-07-27,EQ-030,Wheel Loader,Dammam Port Rd,5.86,0.0,75.03,0
2026-07-28,EQ-030,Wheel Loader,Dammam Port Rd,4.52,0.0,67.52,0
2026-07-29,EQ-030,Wheel Loader,Dammam Port Rd,3.73,0.0,49.09,0
2026-07-30,EQ-030,Wheel Loader,Dammam Port Rd,3.81,0.0,52.16,0
2026-07-31,EQ-030,Wheel Loader,Dammam Port Rd,0.81,0.0,10.75,0
2026-08-01,EQ-030,Wheel Loader,Dammam Port Rd,3.05,0.0,48.02,0
2026-08-02,EQ-030,Wheel Loader,Dammam Port Rd,6.16,0.0,81.27,0
2026-08-03,EQ-030,Wheel Loader,Dammam Port Rd,4.43,0.0,59.82,0
2026-08-04,EQ-030,Wheel Loader,Dammam Port Rd,4.75,0.0,63.85,0
2026-08-05,EQ-030,Wheel Loader,Dammam Port Rd,4.18,0.0,54.46,0
2026-08-06,EQ-030,Wheel Loader,Dammam Port Rd,3.76,1.02,57.79,0
2026-08-07,EQ-030,Wheel Loader,Dammam Port Rd,0.65,0.0,7.92,0
2026-08-08,EQ-030,Wheel Loader,Dammam Port Rd,1.87,2.2,22.56,0
2026-08-09,EQ-030,Wheel Loader,Dammam Port Rd,4.26,0.0,56.33,0
2026-08-10,EQ-030,Wheel Loader,Dammam Port Rd,4.13,0.0,58.57,0
2026-08-11,EQ-030,Wheel Loader,Dammam Port Rd,5.2,0.0,79.61,0
2026-08-12,EQ-030,Wheel Loader,Dammam Port Rd,3.94,0.0,54.22,0
2026-08-13,EQ-030,Wheel Loader,Dammam Port Rd,3.39,0.0,46.21,0
2026-08-14,EQ-030,Wheel Loader,Dammam Port Rd,0.55,0.0,7.04,0
2026-08-15,EQ-030,Wheel Loader,Dammam Port Rd,4.46,0.0,67.54,0
2026-08-16,EQ-030,Wheel Loader,Dammam Port Rd,3.71,0.0,52.65,0
2026-08-17,EQ-030,Wheel Loader,Dammam Port Rd,4.33,0.0,53.53,0
2026-08-18,EQ-030,Wheel Loader,Dammam Port Rd,4.42,0.0,65.32,0
2026-08-19,EQ-030,Wheel Loader,Dammam Port Rd,4.18,0.0,54.76,0
2026-08-20,EQ-030,Wheel Loader,Dammam Port Rd,4.1,0.0,61.17,0
2026-08-21,EQ-030,Wheel Loader,Dammam Port Rd,0.54,0.0,7.74,0
2026-08-22,EQ-030,Wheel Loader,Dammam Port Rd,3.78,0.0,53.83,0
2026-08-23,EQ-030,Wheel Loader,Dammam Port Rd,4.21,0.0,61.17,0
2026-08-24,EQ-030,Wheel Loader,Dammam Port Rd,3.54,0.0,55.61,0
2026-08-25,EQ-030,Wheel Loader,Dammam Port Rd,4.09,0.0,58.14,0
2026-08-26,EQ-030,Wheel Loader,Dammam Port Rd,1.98,1.07,29.44,0
2026-08-27,EQ-030,Wheel Loader,Dammam Port Rd,3.74,0.0,55.91,0
2026-08-28,EQ-030,Wheel Loader,Dammam Port Rd,0.49,0.0,7.49,0
2026-08-29,EQ-030,Wheel Loader,Dammam Port Rd,3.97,0.0,58.3,0
